[
{
  "model": "user.useraccount",
  "fields": {
    "password": "argon2$argon2id$v=19$m=102400,t=2,p=8$dzFUYWY4b1N3dWNjN0d4Z1J6ek5MNQ$xK/msOD9wojzhyYa4qY6WZkXs8Nx5MUHugz2TWw4pS8",
    "last_login": "2025-10-19T19:29:56.885Z",
    "is_superuser": true,
    "dni": "44464273",
    "email": "benjaminbenitez55@gmail.com",
    "is_active": true,
    "is_staff": true,
    "date_joined": "2025-09-04T00:56:46.106Z",
    "must_change_password": false,
    "last_password_change": null,
    "profile_picture": "",
    "groups": [],
    "user_permissions": []
  }
},
{
  "model": "user.useraccount",
  "fields": {
    "password": "argon2$argon2id$v=19$m=102400,t=2,p=8$WllucVk4UzJ6OEFaQlpjSkpwWHZlRw$vkLFqow2psLcrGhaxjvq6VMXpH68E/utnjoi7BJlyRM",
    "last_login": null,
    "is_superuser": false,
    "dni": "41270484",
    "email": "samuelbenitez@gmail.com",
    "is_active": true,
    "is_staff": false,
    "date_joined": "2025-09-04T03:20:15.189Z",
    "must_change_password": false,
    "last_password_change": null,
    "profile_picture": "",
    "groups": [],
    "user_permissions": []
  }
},
{
  "model": "user.useraccount",
  "fields": {
    "password": "argon2$argon2id$v=19$m=102400,t=2,p=8$MjlZcEFCSVFxRUlVOGtwcVFmYlNlTQ$gE4vGnC9E2mV8CmgF+UUFlba94vqSXjx1EXc0zLPTk4",
    "last_login": null,
    "is_superuser": false,
    "dni": "38575066",
    "email": "valentinabenitez@gmail.com",
    "is_active": true,
    "is_staff": false,
    "date_joined": "2025-09-04T04:21:28.031Z",
    "must_change_password": false,
    "last_password_change": null,
    "profile_picture": "",
    "groups": [],
    "user_permissions": []
  }
},
{
  "model": "user.useraccount",
  "fields": {
    "password": "argon2$argon2id$v=19$m=102400,t=2,p=8$MExzT3NMWGpVbEgwZ1lLRDVWeGxEMQ$ooIrrV/cwQkyNa2o+1utVtY5WXkeZ9a7qAXsoP9UzQc",
    "last_login": null,
    "is_superuser": false,
    "dni": "13261481",
    "email": "valentinbenitez2157@gmail.com",
    "is_active": true,
    "is_staff": false,
    "date_joined": "2025-10-19T19:08:50.280Z",
    "must_change_password": false,
    "last_password_change": null,
    "profile_picture": "",
    "groups": [],
    "user_permissions": []
  }
},
{
  "model": "user.nutricionista",
  "pk": 1,
  "fields": {
    "user": [
      "41270484"
    ],
    "nombre": "Samuel Valentin",
    "apellido": "Benitez",
    "matricula": "user1234",
    "telefono": "",
    "foto_perfil": "",
    "especialidades": []
  }
},
{
  "model": "user.nutricionista",
  "pk": 2,
  "fields": {
    "user": [
      "38575066"
    ],
    "nombre": "",
    "apellido": "",
    "matricula": "",
    "telefono": "3704700645",
    "foto_perfil": "",
    "especialidades": []
  }
},
{
  "model": "user.nutricionista",
  "pk": 4,
  "fields": {
    "user": [
      "13261481"
    ],
    "nombre": "Valentin",
    "apellido": "Benitez",
    "matricula": null,
    "telefono": null,
    "foto_perfil": "",
    "especialidades": []
  }
},
{
  "model": "user.pregunta",
  "pk": 1,
  "fields": {
    "owner": null,
    "texto": "Peso corporal",
    "tipo": "decimal",
    "codigo": "peso_kg",
    "requerido": true,
    "opciones": [],
    "unidad": "kg",
    "activo": true,
    "es_inicial": true,
    "orden": 1,
    "created_at": "2025-09-04T17:28:15.879Z"
  }
},
{
  "model": "user.pregunta",
  "pk": 2,
  "fields": {
    "owner": null,
    "texto": "Altura",
    "tipo": "decimal",
    "codigo": "altura_cm",
    "requerido": true,
    "opciones": [],
    "unidad": "cm",
    "activo": true,
    "es_inicial": true,
    "orden": 2,
    "created_at": "2025-09-04T17:28:15.879Z"
  }
},
{
  "model": "user.pregunta",
  "pk": 3,
  "fields": {
    "owner": null,
    "texto": "┬┐Tiene alergias?",
    "tipo": "text",
    "codigo": "alergias",
    "requerido": false,
    "opciones": [],
    "unidad": "",
    "activo": true,
    "es_inicial": true,
    "orden": 3,
    "created_at": "2025-09-04T17:28:15.879Z"
  }
},
{
  "model": "user.pregunta",
  "pk": 4,
  "fields": {
    "owner": null,
    "texto": "Nivel de actividad f├¡sica",
    "tipo": "single",
    "codigo": "actividad_fisica",
    "requerido": false,
    "opciones": [
      {
        "value": "sedentario",
        "label": "Sedentario"
      },
      {
        "value": "moderado",
        "label": "Moderado"
      },
      {
        "value": "intenso",
        "label": "Intenso"
      }
    ],
    "unidad": "",
    "activo": true,
    "es_inicial": true,
    "orden": 4,
    "created_at": "2025-09-04T17:28:15.879Z"
  }
},
{
  "model": "user.pregunta",
  "pk": 5,
  "fields": {
    "owner": null,
    "texto": "Objetivo principal",
    "tipo": "single",
    "codigo": "objetivo",
    "requerido": true,
    "opciones": [
      {
        "value": "bajar_peso",
        "label": "Bajar de peso"
      },
      {
        "value": "mantener",
        "label": "Mantener"
      },
      {
        "value": "subir_masa",
        "label": "Subir masa muscular"
      }
    ],
    "unidad": "",
    "activo": true,
    "es_inicial": true,
    "orden": 5,
    "created_at": "2025-09-04T17:28:15.879Z"
  }
},
{
  "model": "user.pregunta",
  "pk": 6,
  "fields": {
    "owner": 1,
    "texto": "hola",
    "tipo": "single",
    "codigo": "",
    "requerido": false,
    "opciones": [],
    "unidad": "",
    "activo": true,
    "es_inicial": true,
    "orden": 0,
    "created_at": "2025-10-02T00:20:22.426Z"
  }
},
{
  "model": "user.pregunta",
  "pk": 7,
  "fields": {
    "owner": 1,
    "texto": "que comidas come al dia",
    "tipo": "multi",
    "codigo": "",
    "requerido": false,
    "opciones": [
      {
        "valor": "desayuno",
        "etiqueta": "Desayuno"
      },
      {
        "valor": "merienda",
        "etiqueta": "Merienda"
      },
      {
        "valor": "cena",
        "etiqueta": "Cena"
      }
    ],
    "unidad": "",
    "activo": true,
    "es_inicial": true,
    "orden": 0,
    "created_at": "2025-10-02T00:50:18.867Z"
  }
},
{
  "model": "user.pregunta",
  "pk": 8,
  "fields": {
    "owner": 1,
    "texto": "Prueba 2",
    "tipo": "text",
    "codigo": "",
    "requerido": false,
    "opciones": [],
    "unidad": "",
    "activo": true,
    "es_inicial": true,
    "orden": 0,
    "created_at": "2025-10-02T00:51:31.019Z"
  }
},
{
  "model": "user.pregunta",
  "pk": 9,
  "fields": {
    "owner": 1,
    "texto": "es fiel",
    "tipo": "multi",
    "codigo": "",
    "requerido": false,
    "opciones": [
      {
        "valor": "si",
        "etiqueta": "si"
      },
      {
        "valor": "no",
        "etiqueta": "no"
      },
      {
        "valor": "soy_hombre__no",
        "etiqueta": "soy hombre = no"
      }
    ],
    "unidad": "",
    "activo": true,
    "es_inicial": true,
    "orden": 0,
    "created_at": "2025-10-02T02:12:00.004Z"
  }
},
{
  "model": "user.pregunta",
  "pk": 10,
  "fields": {
    "owner": 2,
    "texto": "Cuantas veces come al dia",
    "tipo": "multi",
    "codigo": "",
    "requerido": false,
    "opciones": [
      {
        "valor": "desayuno",
        "etiqueta": "Desayuno"
      },
      {
        "valor": "almuerzo",
        "etiqueta": "almuerzo"
      }
    ],
    "unidad": "",
    "activo": true,
    "es_inicial": true,
    "orden": 0,
    "created_at": "2025-10-18T23:04:20.832Z"
  }
},
{
  "model": "social_django.usersocialauth",
  "pk": 14,
  "fields": {
    "user": [
      "44464273"
    ],
    "provider": "google-oauth2",
    "uid": "101646837674832874226",
    "extra_data": {
      "id": "101646837674832874226",
      "email": "benjaminbenitez55@gmail.com",
      "verified_email": true,
      "name": "Benjamin Benitez",
      "given_name": "Benjamin",
      "family_name": "Benitez",
      "picture": "https://lh3.googleusercontent.com/a/ACg8ocLdvrkCFEp0j4fWCGJibUrs-EI-5Cl1MBHcZIUjhvz-Z7Zjq6zl=s96-c"
    },
    "created": "2025-10-19T21:40:09.210Z",
    "modified": "2025-10-19T21:40:09.210Z"
  }
},
{
  "model": "token_blacklist.outstandingtoken",
  "pk": 1,
  "fields": {
    "user": [
      "44464273"
    ],
    "jti": "513e3a367951452f9b9788338f862afa",
    "token": "eyJhbGciOiJIUzI1NiIsInR5cCI6IkpXVCJ9.eyJ0b2tlbl90eXBlIjoicmVmcmVzaCIsImV4cCI6MTc1OTUzOTc5OSwiaWF0IjoxNzU2OTQ3Nzk5LCJqdGkiOiI1MTNlM2EzNjc5NTE0NTJmOWI5Nzg4MzM4Zjg2MmFmYSIsInVzZXJfaWQiOiIxIn0.TlTY4w3AuX0E7eerz5hRUezjAQtqkyEz7OgWy0l48PU",
    "created_at": "2025-09-04T01:03:19.274Z",
    "expires_at": "2025-10-04T01:03:19Z"
  }
},
{
  "model": "token_blacklist.outstandingtoken",
  "pk": 2,
  "fields": {
    "user": [
      "44464273"
    ],
    "jti": "cb5dfc1e2c2f487eb94472de9fecec72",
    "token": "eyJhbGciOiJIUzI1NiIsInR5cCI6IkpXVCJ9.eyJ0b2tlbl90eXBlIjoicmVmcmVzaCIsImV4cCI6MTc1OTU0MTczMSwiaWF0IjoxNzU2OTQ5NzMxLCJqdGkiOiJjYjVkZmMxZTJjMmY0ODdlYjk0NDcyZGU5ZmVjZWM3MiIsInVzZXJfaWQiOiIxIn0.TMfy0c_Z3ndaFfsVsZ4xYi0gV9iwzizW7Ex668QH_5k",
    "created_at": "2025-09-04T01:35:31.449Z",
    "expires_at": "2025-10-04T01:35:31Z"
  }
},
{
  "model": "token_blacklist.outstandingtoken",
  "pk": 3,
  "fields": {
    "user": [
      "44464273"
    ],
    "jti": "67fe1fef4eb5411090dc228fb140284f",
    "token": "eyJhbGciOiJIUzI1NiIsInR5cCI6IkpXVCJ9.eyJ0b2tlbl90eXBlIjoicmVmcmVzaCIsImV4cCI6MTc1OTU0MjQzNSwiaWF0IjoxNzU2OTUwNDM1LCJqdGkiOiI2N2ZlMWZlZjRlYjU0MTEwOTBkYzIyOGZiMTQwMjg0ZiIsInVzZXJfaWQiOiIxIn0.kAr9vNjZ8-MvkLgu1nkP-C3zQjTmg0u9IXuNe4CB2hk",
    "created_at": "2025-09-04T01:47:15.221Z",
    "expires_at": "2025-10-04T01:47:15Z"
  }
},
{
  "model": "token_blacklist.outstandingtoken",
  "pk": 4,
  "fields": {
    "user": [
      "44464273"
    ],
    "jti": "211d271cdc934fc793a9abd281e05602",
    "token": "eyJhbGciOiJIUzI1NiIsInR5cCI6IkpXVCJ9.eyJ0b2tlbl90eXBlIjoicmVmcmVzaCIsImV4cCI6MTc1OTU0MjQ5NCwiaWF0IjoxNzU2OTUwNDk0LCJqdGkiOiIyMTFkMjcxY2RjOTM0ZmM3OTNhOWFiZDI4MWUwNTYwMiIsInVzZXJfaWQiOiIxIn0.L8C6gWqGlhKLb_wVCWhMS269K0I70itTk7mqvYga4fk",
    "created_at": "2025-09-04T01:48:14.733Z",
    "expires_at": "2025-10-04T01:48:14Z"
  }
},
{
  "model": "token_blacklist.outstandingtoken",
  "pk": 5,
  "fields": {
    "user": [
      "44464273"
    ],
    "jti": "92250636608d4b568d5f8d44433e2c47",
    "token": "eyJhbGciOiJIUzI1NiIsInR5cCI6IkpXVCJ9.eyJ0b2tlbl90eXBlIjoicmVmcmVzaCIsImV4cCI6MTc1OTU0NDA1NywiaWF0IjoxNzU2OTUyMDU3LCJqdGkiOiI5MjI1MDYzNjYwOGQ0YjU2OGQ1ZjhkNDQ0MzNlMmM0NyIsInVzZXJfaWQiOiIxIn0.LW6NUUYEQfUJtLFVhM1solPLrwLDbISHug2bvR6G78o",
    "created_at": "2025-09-04T02:14:17.314Z",
    "expires_at": "2025-10-04T02:14:17Z"
  }
},
{
  "model": "token_blacklist.outstandingtoken",
  "pk": 6,
  "fields": {
    "user": [
      "44464273"
    ],
    "jti": "c67be2ff1c7f4f2a9cb9a4df78fca1aa",
    "token": "eyJhbGciOiJIUzI1NiIsInR5cCI6IkpXVCJ9.eyJ0b2tlbl90eXBlIjoicmVmcmVzaCIsImV4cCI6MTc1OTU0NTEwNiwiaWF0IjoxNzU2OTUzMTA2LCJqdGkiOiJjNjdiZTJmZjFjN2Y0ZjJhOWNiOWE0ZGY3OGZjYTFhYSIsInVzZXJfaWQiOiIxIn0.20xDJYqGdI4j5zT4SEHNRilfVGuwHQtxYoTP_h3AcJc",
    "created_at": "2025-09-04T02:31:46.084Z",
    "expires_at": "2025-10-04T02:31:46Z"
  }
},
{
  "model": "token_blacklist.outstandingtoken",
  "pk": 7,
  "fields": {
    "user": [
      "44464273"
    ],
    "jti": "c39baa0c3e7746f299da48020212a827",
    "token": "eyJhbGciOiJIUzI1NiIsInR5cCI6IkpXVCJ9.eyJ0b2tlbl90eXBlIjoicmVmcmVzaCIsImV4cCI6MTc1OTU0NTEzMiwiaWF0IjoxNzU2OTUzMTMyLCJqdGkiOiJjMzliYWEwYzNlNzc0NmYyOTlkYTQ4MDIwMjEyYTgyNyIsInVzZXJfaWQiOiIxIn0.ARdkmCGoPP7XM4KW64hAjy8CZ85JKgksafGcO24aS0Q",
    "created_at": "2025-09-04T02:32:12.021Z",
    "expires_at": "2025-10-04T02:32:12Z"
  }
},
{
  "model": "token_blacklist.outstandingtoken",
  "pk": 8,
  "fields": {
    "user": [
      "44464273"
    ],
    "jti": "22e870e48c2c48fa9b0f3c135d306986",
    "token": "eyJhbGciOiJIUzI1NiIsInR5cCI6IkpXVCJ9.eyJ0b2tlbl90eXBlIjoicmVmcmVzaCIsImV4cCI6MTc1OTU0NTg2NSwiaWF0IjoxNzU2OTUzODY1LCJqdGkiOiIyMmU4NzBlNDhjMmM0OGZhOWIwZjNjMTM1ZDMwNjk4NiIsInVzZXJfaWQiOiIxIn0.HqaDTz8_Yp8J-8EfPRiwlGp8f_V-EvtNCvEy2y98dsA",
    "created_at": "2025-09-04T02:44:25.876Z",
    "expires_at": "2025-10-04T02:44:25Z"
  }
},
{
  "model": "token_blacklist.outstandingtoken",
  "pk": 9,
  "fields": {
    "user": [
      "44464273"
    ],
    "jti": "a40ef66b23664e0ab60baef0012afb35",
    "token": "eyJhbGciOiJIUzI1NiIsInR5cCI6IkpXVCJ9.eyJ0b2tlbl90eXBlIjoicmVmcmVzaCIsImV4cCI6MTc1OTU0NzkzMSwiaWF0IjoxNzU2OTU1OTMxLCJqdGkiOiJhNDBlZjY2YjIzNjY0ZTBhYjYwYmFlZjAwMTJhZmIzNSIsInVzZXJfaWQiOiIxIn0.rgq2SS2vfrLcMyHrOqr3ywVXStpGs31vACdaAzHLGmY",
    "created_at": "2025-09-04T03:18:51.399Z",
    "expires_at": "2025-10-04T03:18:51Z"
  }
},
{
  "model": "token_blacklist.outstandingtoken",
  "pk": 10,
  "fields": {
    "user": [
      "41270484"
    ],
    "jti": "70a7d113465a45b59ea95add495e4ad4",
    "token": "eyJhbGciOiJIUzI1NiIsInR5cCI6IkpXVCJ9.eyJ0b2tlbl90eXBlIjoicmVmcmVzaCIsImV4cCI6MTc1OTU0ODMwNSwiaWF0IjoxNzU2OTU2MzA1LCJqdGkiOiI3MGE3ZDExMzQ2NWE0NWI1OWVhOTVhZGQ0OTVlNGFkNCIsInVzZXJfaWQiOiIzIn0.G7aZPX0OJRtd0jzi-00t09Sguka2fqpThwDQGYPnlqA",
    "created_at": "2025-09-04T03:25:05.353Z",
    "expires_at": "2025-10-04T03:25:05Z"
  }
},
{
  "model": "token_blacklist.outstandingtoken",
  "pk": 11,
  "fields": {
    "user": [
      "44464273"
    ],
    "jti": "dcbb460257984b70b1ae673080796fc3",
    "token": "eyJhbGciOiJIUzI1NiIsInR5cCI6IkpXVCJ9.eyJ0b2tlbl90eXBlIjoicmVmcmVzaCIsImV4cCI6MTc1OTU0ODMzNCwiaWF0IjoxNzU2OTU2MzM0LCJqdGkiOiJkY2JiNDYwMjU3OTg0YjcwYjFhZTY3MzA4MDc5NmZjMyIsInVzZXJfaWQiOiIxIn0.yTcoZV66KCggLgqhIgZcPVFePJd-Argc9cOTg3pTsc0",
    "created_at": "2025-09-04T03:25:34.609Z",
    "expires_at": "2025-10-04T03:25:34Z"
  }
},
{
  "model": "token_blacklist.outstandingtoken",
  "pk": 12,
  "fields": {
    "user": [
      "41270484"
    ],
    "jti": "a92e3f59b44e4b9199af88fe34d9ba55",
    "token": "eyJhbGciOiJIUzI1NiIsInR5cCI6IkpXVCJ9.eyJ0b2tlbl90eXBlIjoicmVmcmVzaCIsImV4cCI6MTc1OTU0ODQ3NSwiaWF0IjoxNzU2OTU2NDc1LCJqdGkiOiJhOTJlM2Y1OWI0NGU0YjkxOTlhZjg4ZmUzNGQ5YmE1NSIsInVzZXJfaWQiOiIzIn0.Jkt9Y6iMT3zuWe_dw7O42dXMwzWrvvuLfBak_sVDl90",
    "created_at": "2025-09-04T03:27:55.215Z",
    "expires_at": "2025-10-04T03:27:55Z"
  }
},
{
  "model": "token_blacklist.outstandingtoken",
  "pk": 13,
  "fields": {
    "user": [
      "44464273"
    ],
    "jti": "c68d44ae1b16414cbb8a04f0cfbebe8c",
    "token": "eyJhbGciOiJIUzI1NiIsInR5cCI6IkpXVCJ9.eyJ0b2tlbl90eXBlIjoicmVmcmVzaCIsImV4cCI6MTc1OTU0ODk1NiwiaWF0IjoxNzU2OTU2OTU2LCJqdGkiOiJjNjhkNDRhZTFiMTY0MTRjYmI4YTA0ZjBjZmJlYmU4YyIsInVzZXJfaWQiOiIxIn0.DM8kxaUfjHf-2hFNdPSfMJqnRTNYpBZy2HnHCwEcMyA",
    "created_at": "2025-09-04T03:35:56.505Z",
    "expires_at": "2025-10-04T03:35:56Z"
  }
},
{
  "model": "token_blacklist.outstandingtoken",
  "pk": 14,
  "fields": {
    "user": [
      "41270484"
    ],
    "jti": "bc1802468a79401fb026ebc588531955",
    "token": "eyJhbGciOiJIUzI1NiIsInR5cCI6IkpXVCJ9.eyJ0b2tlbl90eXBlIjoicmVmcmVzaCIsImV4cCI6MTc1OTU0OTg0NCwiaWF0IjoxNzU2OTU3ODQ0LCJqdGkiOiJiYzE4MDI0NjhhNzk0MDFmYjAyNmViYzU4ODUzMTk1NSIsInVzZXJfaWQiOiIzIn0._ygj9mAc6wEhwOmy8-YnB_fcVCI-ZOMbFLgzaTaxLow",
    "created_at": "2025-09-04T03:50:44.372Z",
    "expires_at": "2025-10-04T03:50:44Z"
  }
},
{
  "model": "token_blacklist.outstandingtoken",
  "pk": 15,
  "fields": {
    "user": [
      "41270484"
    ],
    "jti": "97427062674d4c40bcf4752d58958cd8",
    "token": "eyJhbGciOiJIUzI1NiIsInR5cCI6IkpXVCJ9.eyJ0b2tlbl90eXBlIjoicmVmcmVzaCIsImV4cCI6MTc1OTU0OTg4MiwiaWF0IjoxNzU2OTU3ODgyLCJqdGkiOiI5NzQyNzA2MjY3NGQ0YzQwYmNmNDc1MmQ1ODk1OGNkOCIsInVzZXJfaWQiOiIzIn0.c4Sof5nG4xN2MdHhhHOfySct4cPIhz6Er0IwlPhQPbw",
    "created_at": "2025-09-04T03:51:22.154Z",
    "expires_at": "2025-10-04T03:51:22Z"
  }
},
{
  "model": "token_blacklist.outstandingtoken",
  "pk": 16,
  "fields": {
    "user": [
      "44464273"
    ],
    "jti": "7a283566d2f84ab78ca198e3f8dc33d6",
    "token": "eyJhbGciOiJIUzI1NiIsInR5cCI6IkpXVCJ9.eyJ0b2tlbl90eXBlIjoicmVmcmVzaCIsImV4cCI6MTc1OTU1MTExMSwiaWF0IjoxNzU2OTU5MTExLCJqdGkiOiI3YTI4MzU2NmQyZjg0YWI3OGNhMTk4ZTNmOGRjMzNkNiIsInVzZXJfaWQiOiIxIn0.XGU4bsVsISYqLwRZCt5Z1xUtY2j4JHS6L_9wWU0dVpk",
    "created_at": "2025-09-04T04:11:51.657Z",
    "expires_at": "2025-10-04T04:11:51Z"
  }
},
{
  "model": "token_blacklist.outstandingtoken",
  "pk": 17,
  "fields": {
    "user": [
      "44464273"
    ],
    "jti": "ce7a348fda9d45b6874679559713d02d",
    "token": "eyJhbGciOiJIUzI1NiIsInR5cCI6IkpXVCJ9.eyJ0b2tlbl90eXBlIjoicmVmcmVzaCIsImV4cCI6MTc1OTU1MTIxOCwiaWF0IjoxNzU2OTU5MjE4LCJqdGkiOiJjZTdhMzQ4ZmRhOWQ0NWI2ODc0Njc5NTU5NzEzZDAyZCIsInVzZXJfaWQiOiIxIn0.d0GzZljTM1DtGWITou3monmh89CP8_2eC8xVGwl3sp0",
    "created_at": "2025-09-04T04:13:38.735Z",
    "expires_at": "2025-10-04T04:13:38Z"
  }
},
{
  "model": "token_blacklist.outstandingtoken",
  "pk": 18,
  "fields": {
    "user": [
      "44464273"
    ],
    "jti": "f1e94a2e7bac4664a1f7ef441702526e",
    "token": "eyJhbGciOiJIUzI1NiIsInR5cCI6IkpXVCJ9.eyJ0b2tlbl90eXBlIjoicmVmcmVzaCIsImV4cCI6MTc1OTU1MjM1NSwiaWF0IjoxNzU2OTYwMzU1LCJqdGkiOiJmMWU5NGEyZTdiYWM0NjY0YTFmN2VmNDQxNzAyNTI2ZSIsInVzZXJfaWQiOiIxIn0.In4ZH7eyiv15BoYBO1laDv4P7xAxmzcrYvRC9uwkTNc",
    "created_at": "2025-09-04T04:32:35.525Z",
    "expires_at": "2025-10-04T04:32:35Z"
  }
},
{
  "model": "token_blacklist.outstandingtoken",
  "pk": 19,
  "fields": {
    "user": [
      "41270484"
    ],
    "jti": "ab8152325f9b4ed9b1a43ec40ea75173",
    "token": "eyJhbGciOiJIUzI1NiIsInR5cCI6IkpXVCJ9.eyJ0b2tlbl90eXBlIjoicmVmcmVzaCIsImV4cCI6MTc1OTU1MjM3NCwiaWF0IjoxNzU2OTYwMzc0LCJqdGkiOiJhYjgxNTIzMjVmOWI0ZWQ5YjFhNDNlYzQwZWE3NTE3MyIsInVzZXJfaWQiOiIzIn0.tih5yR64za1AhKduNL3wulTVpzIW_2xhcURaVjWeLBM",
    "created_at": "2025-09-04T04:32:54.089Z",
    "expires_at": "2025-10-04T04:32:54Z"
  }
},
{
  "model": "token_blacklist.outstandingtoken",
  "pk": 20,
  "fields": {
    "user": [
      "44464273"
    ],
    "jti": "2b805dc59b9240f6b7474a77646eb066",
    "token": "eyJhbGciOiJIUzI1NiIsInR5cCI6IkpXVCJ9.eyJ0b2tlbl90eXBlIjoicmVmcmVzaCIsImV4cCI6MTc1OTU1MjYzMCwiaWF0IjoxNzU2OTYwNjMwLCJqdGkiOiIyYjgwNWRjNTliOTI0MGY2Yjc0NzRhNzc2NDZlYjA2NiIsInVzZXJfaWQiOiIxIn0.eyyEjZQsJcasG4ga9rEMGRuUwwxYPZdI-5kYCPQKjLI",
    "created_at": "2025-09-04T04:37:10.299Z",
    "expires_at": "2025-10-04T04:37:10Z"
  }
},
{
  "model": "token_blacklist.outstandingtoken",
  "pk": 21,
  "fields": {
    "user": [
      "41270484"
    ],
    "jti": "2bb3c6c0223b42af95342a999aaebfb7",
    "token": "eyJhbGciOiJIUzI1NiIsInR5cCI6IkpXVCJ9.eyJ0b2tlbl90eXBlIjoicmVmcmVzaCIsImV4cCI6MTc1OTU1NDM4MSwiaWF0IjoxNzU2OTYyMzgxLCJqdGkiOiIyYmIzYzZjMDIyM2I0MmFmOTUzNDJhOTk5YWFlYmZiNyIsInVzZXJfaWQiOiIzIn0.VP7oLPyJGM_J2JRymWbQr1mXM1Jq7dn2pqADvnglv1M",
    "created_at": "2025-09-04T05:06:21.427Z",
    "expires_at": "2025-10-04T05:06:21Z"
  }
},
{
  "model": "token_blacklist.outstandingtoken",
  "pk": 22,
  "fields": {
    "user": [
      "41270484"
    ],
    "jti": "f01614cf4b044e5cb11b1f6b253dd835",
    "token": "eyJhbGciOiJIUzI1NiIsInR5cCI6IkpXVCJ9.eyJ0b2tlbl90eXBlIjoicmVmcmVzaCIsImV4cCI6MTc1OTU1NDQwMywiaWF0IjoxNzU2OTYyNDAzLCJqdGkiOiJmMDE2MTRjZjRiMDQ0ZTVjYjExYjFmNmIyNTNkZDgzNSIsInVzZXJfaWQiOiIzIn0.i9gdurlIUA_GeUCeSrZw-sTXwpWOpTFRCI_3Upw6ajQ",
    "created_at": "2025-09-04T05:06:43.257Z",
    "expires_at": "2025-10-04T05:06:43Z"
  }
},
{
  "model": "token_blacklist.outstandingtoken",
  "pk": 23,
  "fields": {
    "user": [
      "44464273"
    ],
    "jti": "b1b7ce0ddea3436e9ba14046a3da87de",
    "token": "eyJhbGciOiJIUzI1NiIsInR5cCI6IkpXVCJ9.eyJ0b2tlbl90eXBlIjoicmVmcmVzaCIsImV4cCI6MTc1OTU1NTEwNCwiaWF0IjoxNzU2OTYzMTA0LCJqdGkiOiJiMWI3Y2UwZGRlYTM0MzZlOWJhMTQwNDZhM2RhODdkZSIsInVzZXJfaWQiOiIxIn0.RiSmHV9RWh1Kj6vEY9dcTIBxoMwyhBH8RB6Y8gJM0lM",
    "created_at": "2025-09-04T05:18:24.552Z",
    "expires_at": "2025-10-04T05:18:24Z"
  }
},
{
  "model": "token_blacklist.outstandingtoken",
  "pk": 24,
  "fields": {
    "user": [
      "44464273"
    ],
    "jti": "1155f948d22147258ef84ae55854ac88",
    "token": "eyJhbGciOiJIUzI1NiIsInR5cCI6IkpXVCJ9.eyJ0b2tlbl90eXBlIjoicmVmcmVzaCIsImV4cCI6MTc1OTU4NzA3MiwiaWF0IjoxNzU2OTk1MDcyLCJqdGkiOiIxMTU1Zjk0OGQyMjE0NzI1OGVmODRhZTU1ODU0YWM4OCIsInVzZXJfaWQiOiIxIn0.KBHwgQiqOMK84PPzMGoFsBMcRoL4XE13EDgRwlaBS34",
    "created_at": "2025-09-04T14:11:12.040Z",
    "expires_at": "2025-10-04T14:11:12Z"
  }
},
{
  "model": "token_blacklist.outstandingtoken",
  "pk": 25,
  "fields": {
    "user": [
      "41270484"
    ],
    "jti": "efeaeee01c124e65bf09c9eda03e2feb",
    "token": "eyJhbGciOiJIUzI1NiIsInR5cCI6IkpXVCJ9.eyJ0b2tlbl90eXBlIjoicmVmcmVzaCIsImV4cCI6MTc1OTU5MTk2MiwiaWF0IjoxNzU2OTk5OTYyLCJqdGkiOiJlZmVhZWVlMDFjMTI0ZTY1YmYwOWM5ZWRhMDNlMmZlYiIsInVzZXJfaWQiOiIzIn0.YO2T4QhEwlp-Oc6PtPawfhffLTe0xc2lbL7b5D9Ft9g",
    "created_at": "2025-09-04T15:32:42.279Z",
    "expires_at": "2025-10-04T15:32:42Z"
  }
},
{
  "model": "token_blacklist.outstandingtoken",
  "pk": 26,
  "fields": {
    "user": [
      "44464273"
    ],
    "jti": "6fe8b5b86533469e9bd49b18cd3d26db",
    "token": "eyJhbGciOiJIUzI1NiIsInR5cCI6IkpXVCJ9.eyJ0b2tlbl90eXBlIjoicmVmcmVzaCIsImV4cCI6MTc1OTU5MjE2NiwiaWF0IjoxNzU3MDAwMTY2LCJqdGkiOiI2ZmU4YjViODY1MzM0NjllOWJkNDliMThjZDNkMjZkYiIsInVzZXJfaWQiOiIxIn0.cS6s8nA8XIjvHX6sCrndlNYDQmiCChO7CBmhUfVeWEY",
    "created_at": "2025-09-04T15:36:06.036Z",
    "expires_at": "2025-10-04T15:36:06Z"
  }
},
{
  "model": "token_blacklist.outstandingtoken",
  "pk": 27,
  "fields": {
    "user": [
      "41270484"
    ],
    "jti": "1ed31c6370c744fd989e68eba855c401",
    "token": "eyJhbGciOiJIUzI1NiIsInR5cCI6IkpXVCJ9.eyJ0b2tlbl90eXBlIjoicmVmcmVzaCIsImV4cCI6MTc1OTU5MjM2NiwiaWF0IjoxNzU3MDAwMzY2LCJqdGkiOiIxZWQzMWM2MzcwYzc0NGZkOTg5ZTY4ZWJhODU1YzQwMSIsInVzZXJfaWQiOiIzIn0.7hVM9e5sHB9V1uVpZ7rYGv7HHUqPIR8QYsPm5jTRhhw",
    "created_at": "2025-09-04T15:39:26.120Z",
    "expires_at": "2025-10-04T15:39:26Z"
  }
},
{
  "model": "token_blacklist.outstandingtoken",
  "pk": 28,
  "fields": {
    "user": [
      "41270484"
    ],
    "jti": "30723476eff4418fb8fc936ff2d39991",
    "token": "eyJhbGciOiJIUzI1NiIsInR5cCI6IkpXVCJ9.eyJ0b2tlbl90eXBlIjoicmVmcmVzaCIsImV4cCI6MTc1OTU5MjY1MiwiaWF0IjoxNzU3MDAwNjUyLCJqdGkiOiIzMDcyMzQ3NmVmZjQ0MThmYjhmYzkzNmZmMmQzOTk5MSIsInVzZXJfaWQiOiIzIn0.INcEJHPmoxIWeNv-Pdj6R-9vRO2bZ8cVok2dfAzmy-g",
    "created_at": "2025-09-04T15:44:12.689Z",
    "expires_at": "2025-10-04T15:44:12Z"
  }
},
{
  "model": "token_blacklist.outstandingtoken",
  "pk": 29,
  "fields": {
    "user": [
      "41270484"
    ],
    "jti": "a81c9ed725094c158a00d2f9efc6473b",
    "token": "eyJhbGciOiJIUzI1NiIsInR5cCI6IkpXVCJ9.eyJ0b2tlbl90eXBlIjoicmVmcmVzaCIsImV4cCI6MTc1OTU5NDI3NCwiaWF0IjoxNzU3MDAyMjc0LCJqdGkiOiJhODFjOWVkNzI1MDk0YzE1OGEwMGQyZjllZmM2NDczYiIsInVzZXJfaWQiOiIzIn0.kyLU7QkMyzaO04UwMO2Y1I84oAuMgYguMgUNfZMtV5o",
    "created_at": "2025-09-04T16:11:14.690Z",
    "expires_at": "2025-10-04T16:11:14Z"
  }
},
{
  "model": "token_blacklist.outstandingtoken",
  "pk": 30,
  "fields": {
    "user": [
      "38575066"
    ],
    "jti": "f86fc260ec0149f9b9e5773e42f58628",
    "token": "eyJhbGciOiJIUzI1NiIsInR5cCI6IkpXVCJ9.eyJ0b2tlbl90eXBlIjoicmVmcmVzaCIsImV4cCI6MTc1OTU5NTc4MSwiaWF0IjoxNzU3MDAzNzgxLCJqdGkiOiJmODZmYzI2MGVjMDE0OWY5YjllNTc3M2U0MmY1ODYyOCIsInVzZXJfaWQiOiI0In0.KY8taNc3JyFzJmsqkqZOoZMpfCcHEJGZRH8NuT60UWY",
    "created_at": "2025-09-04T16:36:21.260Z",
    "expires_at": "2025-10-04T16:36:21Z"
  }
},
{
  "model": "token_blacklist.outstandingtoken",
  "pk": 31,
  "fields": {
    "user": [
      "41270484"
    ],
    "jti": "129f258b3ff04bf8ab3c163342d8c955",
    "token": "eyJhbGciOiJIUzI1NiIsInR5cCI6IkpXVCJ9.eyJ0b2tlbl90eXBlIjoicmVmcmVzaCIsImV4cCI6MTc1OTU5OTAzMSwiaWF0IjoxNzU3MDA3MDMxLCJqdGkiOiIxMjlmMjU4YjNmZjA0YmY4YWIzYzE2MzM0MmQ4Yzk1NSIsInVzZXJfaWQiOiIzIn0.EAZWMB6xCEx7S4QzpN1NbhYmcSAoDm8qPYZH3mmMOOM",
    "created_at": "2025-09-04T17:30:31.384Z",
    "expires_at": "2025-10-04T17:30:31Z"
  }
},
{
  "model": "token_blacklist.outstandingtoken",
  "pk": 32,
  "fields": {
    "user": [
      "44464273"
    ],
    "jti": "97cbdcc4066e4eac82e847949347e8f9",
    "token": "eyJhbGciOiJIUzI1NiIsInR5cCI6IkpXVCJ9.eyJ0b2tlbl90eXBlIjoicmVmcmVzaCIsImV4cCI6MTc1OTYwMjE3MywiaWF0IjoxNzU3MDEwMTczLCJqdGkiOiI5N2NiZGNjNDA2NmU0ZWFjODJlODQ3OTQ5MzQ3ZThmOSIsInVzZXJfaWQiOiIxIn0.Kl5N1Q56s8ZrANuB4gL-WZ0eU9QjjaQdfNe1MIE-wr0",
    "created_at": "2025-09-04T18:22:53.669Z",
    "expires_at": "2025-10-04T18:22:53Z"
  }
},
{
  "model": "token_blacklist.outstandingtoken",
  "pk": 33,
  "fields": {
    "user": [
      "38575066"
    ],
    "jti": "fd6657f99be642f886c21cc888a3a109",
    "token": "eyJhbGciOiJIUzI1NiIsInR5cCI6IkpXVCJ9.eyJ0b2tlbl90eXBlIjoicmVmcmVzaCIsImV4cCI6MTc1OTYwMjIwOSwiaWF0IjoxNzU3MDEwMjA5LCJqdGkiOiJmZDY2NTdmOTliZTY0MmY4ODZjMjFjYzg4OGEzYTEwOSIsInVzZXJfaWQiOiI0In0.-GlMWHQ9byFq4hJOL9t57VcQE80QOwDPwzV_3o_vPow",
    "created_at": "2025-09-04T18:23:29.926Z",
    "expires_at": "2025-10-04T18:23:29Z"
  }
},
{
  "model": "token_blacklist.outstandingtoken",
  "pk": 34,
  "fields": {
    "user": null,
    "jti": "b8001db363d0400da5dbbe247d0e1c12",
    "token": "eyJhbGciOiJIUzI1NiIsInR5cCI6IkpXVCJ9.eyJ0b2tlbl90eXBlIjoicmVmcmVzaCIsImV4cCI6MTc1OTYwMjU0MSwiaWF0IjoxNzU3MDEwNTQxLCJqdGkiOiJiODAwMWRiMzYzZDA0MDBkYTVkYmJlMjQ3ZDBlMWMxMiIsInVzZXJfaWQiOiI3In0.ZaS8uxWZwJrKuHovZ2Bxots2Fm396DO5cR4yZcu51cE",
    "created_at": "2025-09-04T18:29:01.948Z",
    "expires_at": "2025-10-04T18:29:01Z"
  }
},
{
  "model": "token_blacklist.outstandingtoken",
  "pk": 35,
  "fields": {
    "user": [
      "44464273"
    ],
    "jti": "83ce6c305bb94748814ed0ef6f5b8c8c",
    "token": "eyJhbGciOiJIUzI1NiIsInR5cCI6IkpXVCJ9.eyJ0b2tlbl90eXBlIjoicmVmcmVzaCIsImV4cCI6MTc1OTYwMjU4NSwiaWF0IjoxNzU3MDEwNTg1LCJqdGkiOiI4M2NlNmMzMDViYjk0NzQ4ODE0ZWQwZWY2ZjViOGM4YyIsInVzZXJfaWQiOiIxIn0.WQRm4KYUrB21bUXlhFad72nEr_1noz80aQL-F9685-M",
    "created_at": "2025-09-04T18:29:45.463Z",
    "expires_at": "2025-10-04T18:29:45Z"
  }
},
{
  "model": "token_blacklist.outstandingtoken",
  "pk": 36,
  "fields": {
    "user": [
      "44464273"
    ],
    "jti": "2056ee6a43fc4c27b72a2676f205cd60",
    "token": "eyJhbGciOiJIUzI1NiIsInR5cCI6IkpXVCJ9.eyJ0b2tlbl90eXBlIjoicmVmcmVzaCIsImV4cCI6MTc1OTYwMjc2OCwiaWF0IjoxNzU3MDEwNzY4LCJqdGkiOiIyMDU2ZWU2YTQzZmM0YzI3YjcyYTI2NzZmMjA1Y2Q2MCIsInVzZXJfaWQiOiIxIn0.MBQ7e1FQKl_dAv3THqiVkiHHI62d4hzm1WHQj_J1868",
    "created_at": "2025-09-04T18:32:48.920Z",
    "expires_at": "2025-10-04T18:32:48Z"
  }
},
{
  "model": "token_blacklist.outstandingtoken",
  "pk": 37,
  "fields": {
    "user": [
      "41270484"
    ],
    "jti": "a86e8851b0cb451e84a3483bf48c2f1c",
    "token": "eyJhbGciOiJIUzI1NiIsInR5cCI6IkpXVCJ9.eyJ0b2tlbl90eXBlIjoicmVmcmVzaCIsImV4cCI6MTc1OTYwMzQyMCwiaWF0IjoxNzU3MDExNDIwLCJqdGkiOiJhODZlODg1MWIwY2I0NTFlODRhMzQ4M2JmNDhjMmYxYyIsInVzZXJfaWQiOiIzIn0.vpI5kvVVliRB8rF-no73m7yTtvafinS1lt4qt80LbV0",
    "created_at": "2025-09-04T18:43:40.999Z",
    "expires_at": "2025-10-04T18:43:40Z"
  }
},
{
  "model": "token_blacklist.outstandingtoken",
  "pk": 38,
  "fields": {
    "user": [
      "41270484"
    ],
    "jti": "b635d378fb3d4947b16842a6acf25dc6",
    "token": "eyJhbGciOiJIUzI1NiIsInR5cCI6IkpXVCJ9.eyJ0b2tlbl90eXBlIjoicmVmcmVzaCIsImV4cCI6MTc1OTYwNDM3MywiaWF0IjoxNzU3MDEyMzczLCJqdGkiOiJiNjM1ZDM3OGZiM2Q0OTQ3YjE2ODQyYTZhY2YyNWRjNiIsInVzZXJfaWQiOiIzIn0.8EuClXa_Q6adclK-bHC82iOI7n08l3jcKVgkuOX64Sw",
    "created_at": "2025-09-04T18:59:33.821Z",
    "expires_at": "2025-10-04T18:59:33Z"
  }
},
{
  "model": "token_blacklist.outstandingtoken",
  "pk": 39,
  "fields": {
    "user": [
      "41270484"
    ],
    "jti": "dae02655b7e74613a66b96297582accd",
    "token": "eyJhbGciOiJIUzI1NiIsInR5cCI6IkpXVCJ9.eyJ0b2tlbl90eXBlIjoicmVmcmVzaCIsImV4cCI6MTc2MDU0Njk5OSwiaWF0IjoxNzU3OTU0OTk5LCJqdGkiOiJkYWUwMjY1NWI3ZTc0NjEzYTY2Yjk2Mjk3NTgyYWNjZCIsInVzZXJfaWQiOiIzIn0.NJdSagSKflMs68ex1xYkzJV_pUWrXt_7N1SJaWAYVdg",
    "created_at": "2025-09-15T16:49:59.134Z",
    "expires_at": "2025-10-15T16:49:59Z"
  }
},
{
  "model": "token_blacklist.outstandingtoken",
  "pk": 40,
  "fields": {
    "user": [
      "41270484"
    ],
    "jti": "1310aac52e56445c92d9349c3ba265da",
    "token": "eyJhbGciOiJIUzI1NiIsInR5cCI6IkpXVCJ9.eyJ0b2tlbl90eXBlIjoicmVmcmVzaCIsImV4cCI6MTc2MTk0NzUxMiwiaWF0IjoxNzU5MzU1NTEyLCJqdGkiOiIxMzEwYWFjNTJlNTY0NDVjOTJkOTM0OWMzYmEyNjVkYSIsInVzZXJfaWQiOiIzIn0.CE8RAtwhvj1eSyhkQrZI1qdNrpjJQuFEvPW1OHh-YVk",
    "created_at": "2025-10-01T21:51:52.627Z",
    "expires_at": "2025-10-31T21:51:52Z"
  }
},
{
  "model": "token_blacklist.outstandingtoken",
  "pk": 41,
  "fields": {
    "user": [
      "41270484"
    ],
    "jti": "3608e9790c29422d873602adc84a7cd4",
    "token": "eyJhbGciOiJIUzI1NiIsInR5cCI6IkpXVCJ9.eyJ0b2tlbl90eXBlIjoicmVmcmVzaCIsImV4cCI6MTc2MTk0ODQyOCwiaWF0IjoxNzU5MzU2NDI4LCJqdGkiOiIzNjA4ZTk3OTBjMjk0MjJkODczNjAyYWRjODRhN2NkNCIsInVzZXJfaWQiOiIzIn0.bvKc_3qJaF_FXDK5An36c5HUm8oQSKEqyVnBARWEFos",
    "created_at": "2025-10-01T22:07:08.728Z",
    "expires_at": "2025-10-31T22:07:08Z"
  }
},
{
  "model": "token_blacklist.outstandingtoken",
  "pk": 42,
  "fields": {
    "user": [
      "38575066"
    ],
    "jti": "c10a0033d3f1419a9066a7eb9482d637",
    "token": "eyJhbGciOiJIUzI1NiIsInR5cCI6IkpXVCJ9.eyJ0b2tlbl90eXBlIjoicmVmcmVzaCIsImV4cCI6MTc2MTk0ODQ1NywiaWF0IjoxNzU5MzU2NDU3LCJqdGkiOiJjMTBhMDAzM2QzZjE0MTlhOTA2NmE3ZWI5NDgyZDYzNyIsInVzZXJfaWQiOiI0In0.8lp2GYkjsodP5ILh5QwMIgTWpkzlU_casYH-uDhmxHc",
    "created_at": "2025-10-01T22:07:37.072Z",
    "expires_at": "2025-10-31T22:07:37Z"
  }
},
{
  "model": "token_blacklist.outstandingtoken",
  "pk": 43,
  "fields": {
    "user": [
      "41270484"
    ],
    "jti": "002321777e5a46eaa2017421daa4726e",
    "token": "eyJhbGciOiJIUzI1NiIsInR5cCI6IkpXVCJ9.eyJ0b2tlbl90eXBlIjoicmVmcmVzaCIsImV4cCI6MTc2MTk0ODQ2OCwiaWF0IjoxNzU5MzU2NDY4LCJqdGkiOiIwMDIzMjE3NzdlNWE0NmVhYTIwMTc0MjFkYWE0NzI2ZSIsInVzZXJfaWQiOiIzIn0.SQ-g0SnUWWHBxQco7644rvkaDFM64FxgPZQog8Wfhv8",
    "created_at": "2025-10-01T22:07:48.489Z",
    "expires_at": "2025-10-31T22:07:48Z"
  }
},
{
  "model": "token_blacklist.outstandingtoken",
  "pk": 44,
  "fields": {
    "user": [
      "41270484"
    ],
    "jti": "ec2607316e744105a79186d82d0133ad",
    "token": "eyJhbGciOiJIUzI1NiIsInR5cCI6IkpXVCJ9.eyJ0b2tlbl90eXBlIjoicmVmcmVzaCIsImV4cCI6MTc2MTk1ODE1NywiaWF0IjoxNzU5MzY2MTU3LCJqdGkiOiJlYzI2MDczMTZlNzQ0MTA1YTc5MTg2ZDgyZDAxMzNhZCIsInVzZXJfaWQiOiIzIn0.DCHiabzE_pLa0WZ2z6GpHKLc_yT9mD3a_aKASUD_TXo",
    "created_at": "2025-10-02T00:49:17.998Z",
    "expires_at": "2025-11-01T00:49:17Z"
  }
},
{
  "model": "token_blacklist.outstandingtoken",
  "pk": 45,
  "fields": {
    "user": [
      "38575066"
    ],
    "jti": "3dddc2f792844260b2edc01a50d6464e",
    "token": "eyJhbGciOiJIUzI1NiIsInR5cCI6IkpXVCJ9.eyJ0b2tlbl90eXBlIjoicmVmcmVzaCIsImV4cCI6MTc2MTk1ODQ3NiwiaWF0IjoxNzU5MzY2NDc2LCJqdGkiOiIzZGRkYzJmNzkyODQ0MjYwYjJlZGMwMWE1MGQ2NDY0ZSIsInVzZXJfaWQiOiI0In0.ofuerrQX4c62AUszt8Su7A-D6fqTeOJkdhe6CU9ehZ0",
    "created_at": "2025-10-02T00:54:36.157Z",
    "expires_at": "2025-11-01T00:54:36Z"
  }
},
{
  "model": "token_blacklist.outstandingtoken",
  "pk": 46,
  "fields": {
    "user": null,
    "jti": "c169365e40b14987b9791a911175d234",
    "token": "eyJhbGciOiJIUzI1NiIsInR5cCI6IkpXVCJ9.eyJ0b2tlbl90eXBlIjoicmVmcmVzaCIsImV4cCI6MTc2MTk1ODYwOCwiaWF0IjoxNzU5MzY2NjA4LCJqdGkiOiJjMTY5MzY1ZTQwYjE0OTg3Yjk3OTFhOTExMTc1ZDIzNCIsInVzZXJfaWQiOiI5In0.SCLGs58rxdltxgfBhqxNjOObKk6w7dZPRsPEkKEXiYI",
    "created_at": "2025-10-02T00:56:48.693Z",
    "expires_at": "2025-11-01T00:56:48Z"
  }
},
{
  "model": "token_blacklist.outstandingtoken",
  "pk": 47,
  "fields": {
    "user": [
      "38575066"
    ],
    "jti": "8996212091e74020b7021e9d8070b176",
    "token": "eyJhbGciOiJIUzI1NiIsInR5cCI6IkpXVCJ9.eyJ0b2tlbl90eXBlIjoicmVmcmVzaCIsImV4cCI6MTc2MTk1ODY0MywiaWF0IjoxNzU5MzY2NjQzLCJqdGkiOiI4OTk2MjEyMDkxZTc0MDIwYjcwMjFlOWQ4MDcwYjE3NiIsInVzZXJfaWQiOiI0In0.Z5YYjma0Z1E44T-2b07T_r-CiB8QOsE2Pv_1PAlDJWU",
    "created_at": "2025-10-02T00:57:23.115Z",
    "expires_at": "2025-11-01T00:57:23Z"
  }
},
{
  "model": "token_blacklist.outstandingtoken",
  "pk": 48,
  "fields": {
    "user": [
      "38575066"
    ],
    "jti": "0448cc288df94d85a6fe69480ff6adf3",
    "token": "eyJhbGciOiJIUzI1NiIsInR5cCI6IkpXVCJ9.eyJ0b2tlbl90eXBlIjoicmVmcmVzaCIsImV4cCI6MTc2MTk1OTIyNCwiaWF0IjoxNzU5MzY3MjI0LCJqdGkiOiIwNDQ4Y2MyODhkZjk0ZDg1YTZmZTY5NDgwZmY2YWRmMyIsInVzZXJfaWQiOiI0In0.lTfnmV4ZGirxaNoPzZNR46bCqKMgVYNyKdVuDy3YkUM",
    "created_at": "2025-10-02T01:07:04.957Z",
    "expires_at": "2025-11-01T01:07:04Z"
  }
},
{
  "model": "token_blacklist.outstandingtoken",
  "pk": 49,
  "fields": {
    "user": [
      "41270484"
    ],
    "jti": "deefefc0e5a84a41baa1aa36c4a63d7d",
    "token": "eyJhbGciOiJIUzI1NiIsInR5cCI6IkpXVCJ9.eyJ0b2tlbl90eXBlIjoicmVmcmVzaCIsImV4cCI6MTc2MTk1OTI1OCwiaWF0IjoxNzU5MzY3MjU4LCJqdGkiOiJkZWVmZWZjMGU1YTg0YTQxYmFhMWFhMzZjNGE2M2Q3ZCIsInVzZXJfaWQiOiIzIn0._AoA3J3r6pM5wpLDNAGBTLf1-36WnuzcpI6CGa_cXmU",
    "created_at": "2025-10-02T01:07:38.684Z",
    "expires_at": "2025-11-01T01:07:38Z"
  }
},
{
  "model": "token_blacklist.outstandingtoken",
  "pk": 50,
  "fields": {
    "user": [
      "44464273"
    ],
    "jti": "a493438fe54b4a6fa49dbadd9c527e90",
    "token": "eyJhbGciOiJIUzI1NiIsInR5cCI6IkpXVCJ9.eyJ0b2tlbl90eXBlIjoicmVmcmVzaCIsImV4cCI6MTc2MzQyMDU3OSwiaWF0IjoxNzYwODI4NTc5LCJqdGkiOiJhNDkzNDM4ZmU1NGI0YTZmYTQ5ZGJhZGQ5YzUyN2U5MCIsInVzZXJfaWQiOiIxIn0.IAPK_2o4okJ9jQpNcs9rlB16pA21IC3OHzN4JQhgbEY",
    "created_at": "2025-10-18T23:02:59.954Z",
    "expires_at": "2025-11-17T23:02:59Z"
  }
},
{
  "model": "token_blacklist.outstandingtoken",
  "pk": 51,
  "fields": {
    "user": [
      "38575066"
    ],
    "jti": "53284dde70724fa0b1e8868d8da84da5",
    "token": "eyJhbGciOiJIUzI1NiIsInR5cCI6IkpXVCJ9.eyJ0b2tlbl90eXBlIjoicmVmcmVzaCIsImV4cCI6MTc2MzQyMDYyNywiaWF0IjoxNzYwODI4NjI3LCJqdGkiOiI1MzI4NGRkZTcwNzI0ZmEwYjFlODg2OGQ4ZGE4NGRhNSIsInVzZXJfaWQiOiI0In0.TSvHZe3orsT3I09SyWI6JV8eAhvqE7KV66ySHKCYHXM",
    "created_at": "2025-10-18T23:03:47.653Z",
    "expires_at": "2025-11-17T23:03:47Z"
  }
},
{
  "model": "token_blacklist.outstandingtoken",
  "pk": 52,
  "fields": {
    "user": [
      "44464273"
    ],
    "jti": "1a4a32634fcd4023ae7071e98a11f8b9",
    "token": "eyJhbGciOiJIUzI1NiIsInR5cCI6IkpXVCJ9.eyJ0b2tlbl90eXBlIjoicmVmcmVzaCIsImV4cCI6MTc2MzQyMDk1OSwiaWF0IjoxNzYwODI4OTU5LCJqdGkiOiIxYTRhMzI2MzRmY2Q0MDIzYWU3MDcxZTk4YTExZjhiOSIsInVzZXJfaWQiOiIxIn0.3RQ5LW45dT8-Af7ssPBpg76pxpmZA0Txu6CszFQ2p2k",
    "created_at": "2025-10-18T23:09:19.051Z",
    "expires_at": "2025-11-17T23:09:19Z"
  }
},
{
  "model": "token_blacklist.outstandingtoken",
  "pk": 53,
  "fields": {
    "user": [
      "44464273"
    ],
    "jti": "c9f2594954684c71af32373739d7ff9a",
    "token": "eyJhbGciOiJIUzI1NiIsInR5cCI6IkpXVCJ9.eyJ0b2tlbl90eXBlIjoicmVmcmVzaCIsImV4cCI6MTc2MzQyMDk3NSwiaWF0IjoxNzYwODI4OTc1LCJqdGkiOiJjOWYyNTk0OTU0Njg0YzcxYWYzMjM3MzczOWQ3ZmY5YSIsInVzZXJfaWQiOiIxIn0.IKmb0thyVF8HUsRyAYcMfhwWNUG6pxVEpfuWpLnOE0w",
    "created_at": "2025-10-18T23:09:35.663Z",
    "expires_at": "2025-11-17T23:09:35Z"
  }
},
{
  "model": "token_blacklist.outstandingtoken",
  "pk": 54,
  "fields": {
    "user": [
      "44464273"
    ],
    "jti": "462ebd6e375540209be99c91d58e534d",
    "token": "eyJhbGciOiJIUzI1NiIsInR5cCI6IkpXVCJ9.eyJ0b2tlbl90eXBlIjoicmVmcmVzaCIsImV4cCI6MTc2MzQyMTcwMCwiaWF0IjoxNzYwODI5NzAwLCJqdGkiOiI0NjJlYmQ2ZTM3NTU0MDIwOWJlOTljOTFkNThlNTM0ZCIsInVzZXJfaWQiOiIxIn0.JzEew2D1Yecq3O__7MAlo0sSYrGhU0vFa7fLnyHd9X0",
    "created_at": "2025-10-18T23:21:40.917Z",
    "expires_at": "2025-11-17T23:21:40Z"
  }
},
{
  "model": "token_blacklist.outstandingtoken",
  "pk": 55,
  "fields": {
    "user": [
      "44464273"
    ],
    "jti": "6fe9849e71974ff68bd33d738a7a432b",
    "token": "eyJhbGciOiJIUzI1NiIsInR5cCI6IkpXVCJ9.eyJ0b2tlbl90eXBlIjoicmVmcmVzaCIsImV4cCI6MTc2MzQyMTcwMiwiaWF0IjoxNzYwODI5NzAyLCJqdGkiOiI2ZmU5ODQ5ZTcxOTc0ZmY2OGJkMzNkNzM4YTdhNDMyYiIsInVzZXJfaWQiOiIxIn0.6JAmr6ROVqd8ReFR-PUbUdCG0gFpKdsVGU5kpUoN04Q",
    "created_at": "2025-10-18T23:21:42.065Z",
    "expires_at": "2025-11-17T23:21:42Z"
  }
},
{
  "model": "token_blacklist.outstandingtoken",
  "pk": 56,
  "fields": {
    "user": [
      "44464273"
    ],
    "jti": "0e3c9c018bea4e94b50c1efbcd1cdccf",
    "token": "eyJhbGciOiJIUzI1NiIsInR5cCI6IkpXVCJ9.eyJ0b2tlbl90eXBlIjoicmVmcmVzaCIsImV4cCI6MTc2MzQyMzA2NywiaWF0IjoxNzYwODMxMDY3LCJqdGkiOiIwZTNjOWMwMThiZWE0ZTk0YjUwYzFlZmJjZDFjZGNjZiIsInVzZXJfaWQiOiIxIn0.HhCiJugWJnfkwN1wKX3i3Win-8E5I2DJtD-4-82zFHw",
    "created_at": "2025-10-18T23:44:27.998Z",
    "expires_at": "2025-11-17T23:44:27Z"
  }
},
{
  "model": "token_blacklist.outstandingtoken",
  "pk": 57,
  "fields": {
    "user": [
      "44464273"
    ],
    "jti": "0f26017759884e07a66cba9e284ad113",
    "token": "eyJhbGciOiJIUzI1NiIsInR5cCI6IkpXVCJ9.eyJ0b2tlbl90eXBlIjoicmVmcmVzaCIsImV4cCI6MTc2MzQyMzMwMywiaWF0IjoxNzYwODMxMzAzLCJqdGkiOiIwZjI2MDE3NzU5ODg0ZTA3YTY2Y2JhOWUyODRhZDExMyIsInVzZXJfaWQiOiIxIn0.BwiK7AX7RNn3znJz1qF4sHo9YZWx_RvHeL2Oa89skSs",
    "created_at": "2025-10-18T23:48:23.022Z",
    "expires_at": "2025-11-17T23:48:23Z"
  }
},
{
  "model": "token_blacklist.outstandingtoken",
  "pk": 58,
  "fields": {
    "user": [
      "44464273"
    ],
    "jti": "85162537129b46f98041df2f78d7ed88",
    "token": "eyJhbGciOiJIUzI1NiIsInR5cCI6IkpXVCJ9.eyJ0b2tlbl90eXBlIjoicmVmcmVzaCIsImV4cCI6MTc2MzQyMzQyNywiaWF0IjoxNzYwODMxNDI3LCJqdGkiOiI4NTE2MjUzNzEyOWI0NmY5ODA0MWRmMmY3OGQ3ZWQ4OCIsInVzZXJfaWQiOiIxIn0.3mc0BHzN3DASoBmJBaPFbn86T7GDvqBfRe4E4Zd850w",
    "created_at": "2025-10-18T23:50:27.961Z",
    "expires_at": "2025-11-17T23:50:27Z"
  }
},
{
  "model": "token_blacklist.outstandingtoken",
  "pk": 59,
  "fields": {
    "user": [
      "41270484"
    ],
    "jti": "75e173027d4042458c4cbcf7b46206b6",
    "token": "eyJhbGciOiJIUzI1NiIsInR5cCI6IkpXVCJ9.eyJ0b2tlbl90eXBlIjoicmVmcmVzaCIsImV4cCI6MTc2MzQyNzEzMSwiaWF0IjoxNzYwODM1MTMxLCJqdGkiOiI3NWUxNzMwMjdkNDA0MjQ1OGM0Y2JjZjdiNDYyMDZiNiIsInVzZXJfaWQiOiIzIn0.NQDIBfBjctxKOwbSvYYuagtaBh7Wl4zrbg8PiaRjbmI",
    "created_at": "2025-10-19T00:52:11.131Z",
    "expires_at": "2025-11-18T00:52:11Z"
  }
},
{
  "model": "token_blacklist.outstandingtoken",
  "pk": 60,
  "fields": {
    "user": [
      "44464273"
    ],
    "jti": "a9f8d23bca4141e0b9be444c3fa23ffa",
    "token": "eyJhbGciOiJIUzI1NiIsInR5cCI6IkpXVCJ9.eyJ0b2tlbl90eXBlIjoicmVmcmVzaCIsImV4cCI6MTc2MzQyNzE1MSwiaWF0IjoxNzYwODM1MTUxLCJqdGkiOiJhOWY4ZDIzYmNhNDE0MWUwYjliZTQ0NGMzZmEyM2ZmYSIsInVzZXJfaWQiOiIxIn0.0WW0dO7Wh1OLzOIrq6hr4OCvpPUDffik4tmBzK-xQVc",
    "created_at": "2025-10-19T00:52:31.505Z",
    "expires_at": "2025-11-18T00:52:31Z"
  }
},
{
  "model": "token_blacklist.outstandingtoken",
  "pk": 61,
  "fields": {
    "user": [
      "44464273"
    ],
    "jti": "3d4b7bc734b6494f8116abf2852f9d84",
    "token": "eyJhbGciOiJIUzI1NiIsInR5cCI6IkpXVCJ9.eyJ0b2tlbl90eXBlIjoicmVmcmVzaCIsImV4cCI6MTc2MzQyNzc1MiwiaWF0IjoxNzYwODM1NzUyLCJqdGkiOiIzZDRiN2JjNzM0YjY0OTRmODExNmFiZjI4NTJmOWQ4NCIsInVzZXJfaWQiOiIxIn0.OWiqI-Me1pe24cOT9Rjyh11e4uNMH45BzGLNQyoOV8g",
    "created_at": "2025-10-19T01:02:32.377Z",
    "expires_at": "2025-11-18T01:02:32Z"
  }
},
{
  "model": "token_blacklist.outstandingtoken",
  "pk": 62,
  "fields": {
    "user": [
      "41270484"
    ],
    "jti": "efce91f06e0c40889d3b3af38733452d",
    "token": "eyJhbGciOiJIUzI1NiIsInR5cCI6IkpXVCJ9.eyJ0b2tlbl90eXBlIjoicmVmcmVzaCIsImV4cCI6MTc2MzQyNzc3MywiaWF0IjoxNzYwODM1NzczLCJqdGkiOiJlZmNlOTFmMDZlMGM0MDg4OWQzYjNhZjM4NzMzNDUyZCIsInVzZXJfaWQiOiIzIn0.cdANMe47NMEvrRU4uymkr85DEXTHChtDE86VazYcabM",
    "created_at": "2025-10-19T01:02:53.249Z",
    "expires_at": "2025-11-18T01:02:53Z"
  }
},
{
  "model": "token_blacklist.outstandingtoken",
  "pk": 63,
  "fields": {
    "user": [
      "44464273"
    ],
    "jti": "402f896eb3b64f2b983442be552fff9e",
    "token": "eyJhbGciOiJIUzI1NiIsInR5cCI6IkpXVCJ9.eyJ0b2tlbl90eXBlIjoicmVmcmVzaCIsImV4cCI6MTc2MzQyODEzMywiaWF0IjoxNzYwODM2MTMzLCJqdGkiOiI0MDJmODk2ZWIzYjY0ZjJiOTgzNDQyYmU1NTJmZmY5ZSIsInVzZXJfaWQiOiIxIn0.we2BtE2O6G04VJWwDdy1SOj6gzgst1vWEJMOiVSrImI",
    "created_at": "2025-10-19T01:08:53.512Z",
    "expires_at": "2025-11-18T01:08:53Z"
  }
},
{
  "model": "token_blacklist.outstandingtoken",
  "pk": 64,
  "fields": {
    "user": [
      "44464273"
    ],
    "jti": "93ba6d86265049fb98f295f8423a532d",
    "token": "eyJhbGciOiJIUzI1NiIsInR5cCI6IkpXVCJ9.eyJ0b2tlbl90eXBlIjoicmVmcmVzaCIsImV4cCI6MTc2MzQzMTUxMSwiaWF0IjoxNzYwODM5NTExLCJqdGkiOiI5M2JhNmQ4NjI2NTA0OWZiOThmMjk1Zjg0MjNhNTMyZCIsInVzZXJfaWQiOiIxIn0.FQvhSga5P2mGQYQC6L46zjQulqAtFpxWhqU3GEdIeiE",
    "created_at": "2025-10-19T02:05:11.915Z",
    "expires_at": "2025-11-18T02:05:11Z"
  }
},
{
  "model": "token_blacklist.outstandingtoken",
  "pk": 65,
  "fields": {
    "user": [
      "41270484"
    ],
    "jti": "442d63c5de3a4688a4f2481270dc7fb1",
    "token": "eyJhbGciOiJIUzI1NiIsInR5cCI6IkpXVCJ9.eyJ0b2tlbl90eXBlIjoicmVmcmVzaCIsImV4cCI6MTc2MzQzODQxMCwiaWF0IjoxNzYwODQ2NDEwLCJqdGkiOiI0NDJkNjNjNWRlM2E0Njg4YTRmMjQ4MTI3MGRjN2ZiMSIsInVzZXJfaWQiOiIzIn0.TUXmtMs5z0vWirKDjC9kiXtuW5jJ4oPEdUnFxMOYQM4",
    "created_at": "2025-10-19T04:00:10.788Z",
    "expires_at": "2025-11-18T04:00:10Z"
  }
},
{
  "model": "token_blacklist.outstandingtoken",
  "pk": 66,
  "fields": {
    "user": [
      "41270484"
    ],
    "jti": "35498bc809924073af187dd74d7aee90",
    "token": "eyJhbGciOiJIUzI1NiIsInR5cCI6IkpXVCJ9.eyJ0b2tlbl90eXBlIjoicmVmcmVzaCIsImV4cCI6MTc2MzQzODU5MSwiaWF0IjoxNzYwODQ2NTkxLCJqdGkiOiIzNTQ5OGJjODA5OTI0MDczYWYxODdkZDc0ZDdhZWU5MCIsInVzZXJfaWQiOiIzIn0.YP86nkskvzbcNNWbXksIwL-r7Dp4QlMrPFwzEjKYU8s",
    "created_at": "2025-10-19T04:03:11.576Z",
    "expires_at": "2025-11-18T04:03:11Z"
  }
},
{
  "model": "token_blacklist.outstandingtoken",
  "pk": 67,
  "fields": {
    "user": [
      "41270484"
    ],
    "jti": "93365f884f7641a98d61cb8ce5fb4f01",
    "token": "eyJhbGciOiJIUzI1NiIsInR5cCI6IkpXVCJ9.eyJ0b2tlbl90eXBlIjoicmVmcmVzaCIsImV4cCI6MTc2MzQzODc5NiwiaWF0IjoxNzYwODQ2Nzk2LCJqdGkiOiI5MzM2NWY4ODRmNzY0MWE5OGQ2MWNiOGNlNWZiNGYwMSIsInVzZXJfaWQiOiIzIn0.jSBNG8Q_9EhX5bEZHrIz5wx5jdprn4gKs4JrQstBgnM",
    "created_at": "2025-10-19T04:06:36.425Z",
    "expires_at": "2025-11-18T04:06:36Z"
  }
},
{
  "model": "token_blacklist.outstandingtoken",
  "pk": 68,
  "fields": {
    "user": [
      "44464273"
    ],
    "jti": "e28e03315d16475ea329f37dd58a26f8",
    "token": "eyJhbGciOiJIUzI1NiIsInR5cCI6IkpXVCJ9.eyJ0b2tlbl90eXBlIjoicmVmcmVzaCIsImV4cCI6MTc2MzQzODgzMywiaWF0IjoxNzYwODQ2ODMzLCJqdGkiOiJlMjhlMDMzMTVkMTY0NzVlYTMyOWYzN2RkNThhMjZmOCIsInVzZXJfaWQiOiIxIn0.6JsaeYJdMPdaUS0drD5yrT2jSqcIz_4lvaB-Fgc0X50",
    "created_at": "2025-10-19T04:07:13.915Z",
    "expires_at": "2025-11-18T04:07:13Z"
  }
},
{
  "model": "token_blacklist.outstandingtoken",
  "pk": 69,
  "fields": {
    "user": [
      "44464273"
    ],
    "jti": "570d679c3a36431cbf979d90187e5a29",
    "token": "eyJhbGciOiJIUzI1NiIsInR5cCI6IkpXVCJ9.eyJ0b2tlbl90eXBlIjoicmVmcmVzaCIsImV4cCI6MTc2MzQ3NTczOSwiaWF0IjoxNzYwODgzNzM5LCJqdGkiOiI1NzBkNjc5YzNhMzY0MzFjYmY5NzlkOTAxODdlNWEyOSIsInVzZXJfaWQiOiIxIn0.LNMiQd3zuOh98Me-pp7yMEuy0dPs_I1o1Hbip4_HrGM",
    "created_at": "2025-10-19T14:22:19.749Z",
    "expires_at": "2025-11-18T14:22:19Z"
  }
},
{
  "model": "token_blacklist.outstandingtoken",
  "pk": 70,
  "fields": {
    "user": [
      "41270484"
    ],
    "jti": "4fc20a2bc4ff471bb8300944bb4c7d0d",
    "token": "eyJhbGciOiJIUzI1NiIsInR5cCI6IkpXVCJ9.eyJ0b2tlbl90eXBlIjoicmVmcmVzaCIsImV4cCI6MTc2MzQ3NTgxMCwiaWF0IjoxNzYwODgzODEwLCJqdGkiOiI0ZmMyMGEyYmM0ZmY0NzFiYjgzMDA5NDRiYjRjN2QwZCIsInVzZXJfaWQiOiIzIn0.jn65qHJ3d7vQAlIc8NfUGjp4A9ZX7dtnYShlsTdhETQ",
    "created_at": "2025-10-19T14:23:30.733Z",
    "expires_at": "2025-11-18T14:23:30Z"
  }
},
{
  "model": "token_blacklist.outstandingtoken",
  "pk": 71,
  "fields": {
    "user": [
      "41270484"
    ],
    "jti": "0daff58fcee347a6bcb0f16feb14d337",
    "token": "eyJhbGciOiJIUzI1NiIsInR5cCI6IkpXVCJ9.eyJ0b2tlbl90eXBlIjoicmVmcmVzaCIsImV4cCI6MTc2MzQ3NjUwMywiaWF0IjoxNzYwODg0NTAzLCJqdGkiOiIwZGFmZjU4ZmNlZTM0N2E2YmNiMGYxNmZlYjE0ZDMzNyIsInVzZXJfaWQiOiIzIn0.1nbJIn6K2B3GlLXdEaFpNZLB76rRqmNRiIrz9FVu4kk",
    "created_at": "2025-10-19T14:35:03.298Z",
    "expires_at": "2025-11-18T14:35:03Z"
  }
},
{
  "model": "token_blacklist.outstandingtoken",
  "pk": 72,
  "fields": {
    "user": [
      "41270484"
    ],
    "jti": "2e1955a8a44240a5a2951489fdea91a6",
    "token": "eyJhbGciOiJIUzI1NiIsInR5cCI6IkpXVCJ9.eyJ0b2tlbl90eXBlIjoicmVmcmVzaCIsImV4cCI6MTc2MzQ3NjUxOCwiaWF0IjoxNzYwODg0NTE4LCJqdGkiOiIyZTE5NTVhOGE0NDI0MGE1YTI5NTE0ODlmZGVhOTFhNiIsInVzZXJfaWQiOiIzIn0.jp42pSgaDWvaBMCEC9D-GYOvwNTr5L7rEHO-_EATR3Y",
    "created_at": "2025-10-19T14:35:18.283Z",
    "expires_at": "2025-11-18T14:35:18Z"
  }
},
{
  "model": "token_blacklist.outstandingtoken",
  "pk": 73,
  "fields": {
    "user": [
      "41270484"
    ],
    "jti": "90e52ccdf0f0440cb2a7e7caa41fd309",
    "token": "eyJhbGciOiJIUzI1NiIsInR5cCI6IkpXVCJ9.eyJ0b2tlbl90eXBlIjoicmVmcmVzaCIsImV4cCI6MTc2MzQ4MjkzOCwiaWF0IjoxNzYwODkwOTM4LCJqdGkiOiI5MGU1MmNjZGYwZjA0NDBjYjJhN2U3Y2FhNDFmZDMwOSIsInVzZXJfaWQiOiIzIn0.1YMkO5h-k8g6c8dwHA5LoRWiryKk9vVzZe8pzhePOKs",
    "created_at": "2025-10-19T16:22:18.755Z",
    "expires_at": "2025-11-18T16:22:18Z"
  }
},
{
  "model": "token_blacklist.outstandingtoken",
  "pk": 74,
  "fields": {
    "user": [
      "41270484"
    ],
    "jti": "5f42b4d3e47a40fa99b6908ca540287c",
    "token": "eyJhbGciOiJIUzI1NiIsInR5cCI6IkpXVCJ9.eyJ0b2tlbl90eXBlIjoicmVmcmVzaCIsImV4cCI6MTc2MzQ4MzIzMiwiaWF0IjoxNzYwODkxMjMyLCJqdGkiOiI1ZjQyYjRkM2U0N2E0MGZhOTliNjkwOGNhNTQwMjg3YyIsInVzZXJfaWQiOiIzIn0.XGBmFxhbQ1Z_5a5rxrvUZ-exfShKlaaUeblSITPs-1s",
    "created_at": "2025-10-19T16:27:12.722Z",
    "expires_at": "2025-11-18T16:27:12Z"
  }
},
{
  "model": "token_blacklist.outstandingtoken",
  "pk": 75,
  "fields": {
    "user": [
      "41270484"
    ],
    "jti": "c2adc83647df4683978e833c4752df9f",
    "token": "eyJhbGciOiJIUzI1NiIsInR5cCI6IkpXVCJ9.eyJ0b2tlbl90eXBlIjoicmVmcmVzaCIsImV4cCI6MTc2MzQ4NTE5OSwiaWF0IjoxNzYwODkzMTk5LCJqdGkiOiJjMmFkYzgzNjQ3ZGY0NjgzOTc4ZTgzM2M0NzUyZGY5ZiIsInVzZXJfaWQiOiIzIn0.79L1PW9crG3MAL2XQRJW4RUWuJEouSUYMZRyZdz5P0o",
    "created_at": "2025-10-19T16:59:59.858Z",
    "expires_at": "2025-11-18T16:59:59Z"
  }
},
{
  "model": "token_blacklist.outstandingtoken",
  "pk": 76,
  "fields": {
    "user": [
      "41270484"
    ],
    "jti": "dd45acd4290a40cc97c1bb0b5e80437b",
    "token": "eyJhbGciOiJIUzI1NiIsInR5cCI6IkpXVCJ9.eyJ0b2tlbl90eXBlIjoicmVmcmVzaCIsImV4cCI6MTc2MzQ4NTQ3NSwiaWF0IjoxNzYwODkzNDc1LCJqdGkiOiJkZDQ1YWNkNDI5MGE0MGNjOTdjMWJiMGI1ZTgwNDM3YiIsInVzZXJfaWQiOiIzIn0.D_Wx3Jfdz1hjVVWrmIAr9ttxc8l7zdwu8FBuB92WdQ8",
    "created_at": "2025-10-19T17:04:35.621Z",
    "expires_at": "2025-11-18T17:04:35Z"
  }
},
{
  "model": "token_blacklist.outstandingtoken",
  "pk": 77,
  "fields": {
    "user": [
      "41270484"
    ],
    "jti": "2c04fbe66ae24f14a3923e5895ed3c0f",
    "token": "eyJhbGciOiJIUzI1NiIsInR5cCI6IkpXVCJ9.eyJ0b2tlbl90eXBlIjoicmVmcmVzaCIsImV4cCI6MTc2MzQ4NTkyNCwiaWF0IjoxNzYwODkzOTI0LCJqdGkiOiIyYzA0ZmJlNjZhZTI0ZjE0YTM5MjNlNTg5NWVkM2MwZiIsInVzZXJfaWQiOiIzIn0.FtRCRjsnhBIXFTZpRksP443dWvc9R66mgFKLLgbvprk",
    "created_at": "2025-10-19T17:12:04.780Z",
    "expires_at": "2025-11-18T17:12:04Z"
  }
},
{
  "model": "token_blacklist.outstandingtoken",
  "pk": 78,
  "fields": {
    "user": [
      "41270484"
    ],
    "jti": "149427327c0c4ab6ad5844e5cef5cdc1",
    "token": "eyJhbGciOiJIUzI1NiIsInR5cCI6IkpXVCJ9.eyJ0b2tlbl90eXBlIjoicmVmcmVzaCIsImV4cCI6MTc2MzQ4NTk1MCwiaWF0IjoxNzYwODkzOTUwLCJqdGkiOiIxNDk0MjczMjdjMGM0YWI2YWQ1ODQ0ZTVjZWY1Y2RjMSIsInVzZXJfaWQiOiIzIn0.Ydx-cDnk4Il_tuD1h_7lnFlTkdhziWRTDnH5qVRnyx8",
    "created_at": "2025-10-19T17:12:30.342Z",
    "expires_at": "2025-11-18T17:12:30Z"
  }
},
{
  "model": "token_blacklist.outstandingtoken",
  "pk": 79,
  "fields": {
    "user": [
      "41270484"
    ],
    "jti": "a470126b6e6b403da14b242ff8cb5a3c",
    "token": "eyJhbGciOiJIUzI1NiIsInR5cCI6IkpXVCJ9.eyJ0b2tlbl90eXBlIjoicmVmcmVzaCIsImV4cCI6MTc2MzQ4ODM5NCwiaWF0IjoxNzYwODk2Mzk0LCJqdGkiOiJhNDcwMTI2YjZlNmI0MDNkYTE0YjI0MmZmOGNiNWEzYyIsInVzZXJfaWQiOiIzIn0.by33-TMVB-dcLiViPGwfcrLJcWj-tyYlo92gg_yxamg",
    "created_at": "2025-10-19T17:53:14.799Z",
    "expires_at": "2025-11-18T17:53:14Z"
  }
},
{
  "model": "token_blacklist.outstandingtoken",
  "pk": 80,
  "fields": {
    "user": [
      "44464273"
    ],
    "jti": "f94d236968b84602939b7e69677ea58e",
    "token": "eyJhbGciOiJIUzI1NiIsInR5cCI6IkpXVCJ9.eyJ0b2tlbl90eXBlIjoicmVmcmVzaCIsImV4cCI6MTc2MzQ4ODQxOCwiaWF0IjoxNzYwODk2NDE4LCJqdGkiOiJmOTRkMjM2OTY4Yjg0NjAyOTM5YjdlNjk2NzdlYTU4ZSIsInVzZXJfaWQiOiIxIn0.BSCHcLf-zu8b_X7zOHg3Df-7jGVU5A9sq-sWZw_x0Ec",
    "created_at": "2025-10-19T17:53:38.329Z",
    "expires_at": "2025-11-18T17:53:38Z"
  }
},
{
  "model": "token_blacklist.outstandingtoken",
  "pk": 81,
  "fields": {
    "user": [
      "41270484"
    ],
    "jti": "e20de718fe914de7a4439d468283b4b6",
    "token": "eyJhbGciOiJIUzI1NiIsInR5cCI6IkpXVCJ9.eyJ0b2tlbl90eXBlIjoicmVmcmVzaCIsImV4cCI6MTc2MzQ4ODQzNCwiaWF0IjoxNzYwODk2NDM0LCJqdGkiOiJlMjBkZTcxOGZlOTE0ZGU3YTQ0MzlkNDY4MjgzYjRiNiIsInVzZXJfaWQiOiIzIn0.R10QS2BUp-gpIVG0gZZ0ywEfe5VFnR7TYsnhoPBKx3c",
    "created_at": "2025-10-19T17:53:54.817Z",
    "expires_at": "2025-11-18T17:53:54Z"
  }
},
{
  "model": "token_blacklist.outstandingtoken",
  "pk": 82,
  "fields": {
    "user": [
      "41270484"
    ],
    "jti": "0e824fc4d2df4400bee3db51924d7cf2",
    "token": "eyJhbGciOiJIUzI1NiIsInR5cCI6IkpXVCJ9.eyJ0b2tlbl90eXBlIjoicmVmcmVzaCIsImV4cCI6MTc2MzQ4OTY2NSwiaWF0IjoxNzYwODk3NjY1LCJqdGkiOiIwZTgyNGZjNGQyZGY0NDAwYmVlM2RiNTE5MjRkN2NmMiIsInVzZXJfaWQiOiIzIn0.gp4gswEZDjp_Iy8ISHLTNnSWON6pU60iC6Oc56kcxvw",
    "created_at": "2025-10-19T18:14:25.773Z",
    "expires_at": "2025-11-18T18:14:25Z"
  }
},
{
  "model": "token_blacklist.outstandingtoken",
  "pk": 83,
  "fields": {
    "user": [
      "44464273"
    ],
    "jti": "e5d139a6f18b4f00aa7197ca0f33bde8",
    "token": "eyJhbGciOiJIUzI1NiIsInR5cCI6IkpXVCJ9.eyJ0b2tlbl90eXBlIjoicmVmcmVzaCIsImV4cCI6MTc2MzQ5MDM0MCwiaWF0IjoxNzYwODk4MzQwLCJqdGkiOiJlNWQxMzlhNmYxOGI0ZjAwYWE3MTk3Y2EwZjMzYmRlOCIsInVzZXJfaWQiOiIxIn0.y1hKWUDH3RWtg6fO2ub_r6YQya8AG2AWYlSqXEqpRoU",
    "created_at": "2025-10-19T18:25:40.918Z",
    "expires_at": "2025-11-18T18:25:40Z"
  }
},
{
  "model": "token_blacklist.outstandingtoken",
  "pk": 84,
  "fields": {
    "user": [
      "44464273"
    ],
    "jti": "4442b0766e2046559f8b746215ac7498",
    "token": "eyJhbGciOiJIUzI1NiIsInR5cCI6IkpXVCJ9.eyJ0b2tlbl90eXBlIjoicmVmcmVzaCIsImV4cCI6MTc2MzQ5MTEzMywiaWF0IjoxNzYwODk5MTMzLCJqdGkiOiI0NDQyYjA3NjZlMjA0NjU1OWY4Yjc0NjIxNWFjNzQ5OCIsInVzZXJfaWQiOiIxIn0.edJCa_ozuohpss7WnOZ9BJao0z4umNr9OB3Q6laIL5E",
    "created_at": "2025-10-19T18:38:53.612Z",
    "expires_at": "2025-11-18T18:38:53Z"
  }
},
{
  "model": "token_blacklist.outstandingtoken",
  "pk": 85,
  "fields": {
    "user": [
      "41270484"
    ],
    "jti": "17ec50fc29454d52bf7f9cdda708f812",
    "token": "eyJhbGciOiJIUzI1NiIsInR5cCI6IkpXVCJ9.eyJ0b2tlbl90eXBlIjoicmVmcmVzaCIsImV4cCI6MTc2MzQ5MTE0OSwiaWF0IjoxNzYwODk5MTQ5LCJqdGkiOiIxN2VjNTBmYzI5NDU0ZDUyYmY3ZjljZGRhNzA4ZjgxMiIsInVzZXJfaWQiOiIzIn0.gkYUrPBWML5OHflG-2rZHvMNTWwUilkeZ8CCJC-Zd9Q",
    "created_at": "2025-10-19T18:39:09.523Z",
    "expires_at": "2025-11-18T18:39:09Z"
  }
},
{
  "model": "token_blacklist.outstandingtoken",
  "pk": 86,
  "fields": {
    "user": [
      "41270484"
    ],
    "jti": "f6c1b59f6b5945d8b213793779278820",
    "token": "eyJhbGciOiJIUzI1NiIsInR5cCI6IkpXVCJ9.eyJ0b2tlbl90eXBlIjoicmVmcmVzaCIsImV4cCI6MTc2MzQ5MjM1MywiaWF0IjoxNzYwOTAwMzUzLCJqdGkiOiJmNmMxYjU5ZjZiNTk0NWQ4YjIxMzc5Mzc3OTI3ODgyMCIsInVzZXJfaWQiOiIzIn0.ZSI_aIwjQTij6IkjUq8Nmpr3AmWLAy31-go_lnhS9V4",
    "created_at": "2025-10-19T18:59:13.175Z",
    "expires_at": "2025-11-18T18:59:13Z"
  }
},
{
  "model": "token_blacklist.outstandingtoken",
  "pk": 87,
  "fields": {
    "user": [
      "44464273"
    ],
    "jti": "f72a0abbe1184d468f95563d72df18e0",
    "token": "eyJhbGciOiJIUzI1NiIsInR5cCI6IkpXVCJ9.eyJ0b2tlbl90eXBlIjoicmVmcmVzaCIsImV4cCI6MTc2MzQ5MjM2OSwiaWF0IjoxNzYwOTAwMzY5LCJqdGkiOiJmNzJhMGFiYmUxMTg0ZDQ2OGY5NTU2M2Q3MmRmMThlMCIsInVzZXJfaWQiOiIxIn0.KUq1c4jHZhRQfLNBhZbKwlvUlRmSyyf2xk8IM1WxREU",
    "created_at": "2025-10-19T18:59:29.742Z",
    "expires_at": "2025-11-18T18:59:29Z"
  }
},
{
  "model": "token_blacklist.outstandingtoken",
  "pk": 88,
  "fields": {
    "user": [
      "13261481"
    ],
    "jti": "1c629eda52204db58fe45073cdecb419",
    "token": "eyJhbGciOiJIUzI1NiIsInR5cCI6IkpXVCJ9.eyJ0b2tlbl90eXBlIjoicmVmcmVzaCIsImV4cCI6MTc2MzQ5Mjk1MSwiaWF0IjoxNzYwOTAwOTUxLCJqdGkiOiIxYzYyOWVkYTUyMjA0ZGI1OGZlNDUwNzNjZGVjYjQxOSIsInVzZXJfaWQiOiIxMiJ9.bLmFckuYkjzsVhhO8CsW9zvNCqO6mgqCSOj1MNAi5fw",
    "created_at": "2025-10-19T19:09:11.193Z",
    "expires_at": "2025-11-18T19:09:11Z"
  }
},
{
  "model": "token_blacklist.outstandingtoken",
  "pk": 89,
  "fields": {
    "user": [
      "13261481"
    ],
    "jti": "157de5935d994d8c9570b0957dcdafea",
    "token": "eyJhbGciOiJIUzI1NiIsInR5cCI6IkpXVCJ9.eyJ0b2tlbl90eXBlIjoicmVmcmVzaCIsImV4cCI6MTc2MzQ5Mzc4NiwiaWF0IjoxNzYwOTAxNzg2LCJqdGkiOiIxNTdkZTU5MzVkOTk0ZDhjOTU3MGIwOTU3ZGNkYWZlYSIsInVzZXJfaWQiOiIxMiJ9.rWFg6xbJ2jAytRlFZCFwOcxF2IdJJhLIONb_4EJ2Qvs",
    "created_at": "2025-10-19T19:23:06.904Z",
    "expires_at": "2025-11-18T19:23:06Z"
  }
},
{
  "model": "token_blacklist.outstandingtoken",
  "pk": 90,
  "fields": {
    "user": [
      "13261481"
    ],
    "jti": "50c26a57a9e4407e94a39cbeaac914c2",
    "token": "eyJhbGciOiJIUzI1NiIsInR5cCI6IkpXVCJ9.eyJ0b2tlbl90eXBlIjoicmVmcmVzaCIsImV4cCI6MTc2MzQ5Mzg4MiwiaWF0IjoxNzYwOTAxODgyLCJqdGkiOiI1MGMyNmE1N2E5ZTQ0MDdlOTRhMzljYmVhYWM5MTRjMiIsInVzZXJfaWQiOiIxMiJ9.lvfczEnqMRwvCADE0Zclf1GzSAkKD8IjjHgdz_sga7g",
    "created_at": "2025-10-19T19:24:42.075Z",
    "expires_at": "2025-11-18T19:24:42Z"
  }
},
{
  "model": "token_blacklist.outstandingtoken",
  "pk": 91,
  "fields": {
    "user": [
      "44464273"
    ],
    "jti": "af8fa6c8b5514c61bc54fdb5e1c1a56d",
    "token": "eyJhbGciOiJIUzI1NiIsInR5cCI6IkpXVCJ9.eyJ0b2tlbl90eXBlIjoicmVmcmVzaCIsImV4cCI6MTc2MzQ5NDE4NiwiaWF0IjoxNzYwOTAyMTg2LCJqdGkiOiJhZjhmYTZjOGI1NTE0YzYxYmM1NGZkYjVlMWMxYTU2ZCIsInVzZXJfaWQiOiIxIn0.OR7TARE4EmZlOtGIy9VW6F2IMDCfcOD32nf37n8CdDE",
    "created_at": "2025-10-19T19:29:46.482Z",
    "expires_at": "2025-11-18T19:29:46Z"
  }
},
{
  "model": "token_blacklist.outstandingtoken",
  "pk": 92,
  "fields": {
    "user": [
      "44464273"
    ],
    "jti": "59ea5f0720f8495a8e3d6586c09478d6",
    "token": "eyJhbGciOiJIUzI1NiIsInR5cCI6IkpXVCJ9.eyJ0b2tlbl90eXBlIjoicmVmcmVzaCIsImV4cCI6MTc2MzQ5NDI1OCwiaWF0IjoxNzYwOTAyMjU4LCJqdGkiOiI1OWVhNWYwNzIwZjg0OTVhOGUzZDY1ODZjMDk0NzhkNiIsInVzZXJfaWQiOiIxIn0.cJbEgkesnKL-1h2UQjGt0lU_YqHed8-61PyM88_F4KE",
    "created_at": "2025-10-19T19:30:58.252Z",
    "expires_at": "2025-11-18T19:30:58Z"
  }
},
{
  "model": "token_blacklist.outstandingtoken",
  "pk": 93,
  "fields": {
    "user": [
      "44464273"
    ],
    "jti": "4878bcac350f416da657f27efba86b56",
    "token": "eyJhbGciOiJIUzI1NiIsInR5cCI6IkpXVCJ9.eyJ0b2tlbl90eXBlIjoicmVmcmVzaCIsImV4cCI6MTc2MzQ5NDQ1MiwiaWF0IjoxNzYwOTAyNDUyLCJqdGkiOiI0ODc4YmNhYzM1MGY0MTZkYTY1N2YyN2VmYmE4NmI1NiIsInVzZXJfaWQiOiIxIn0.-oCC8j_ooX8p-9FFwfGyxJPa21tc_sZsofzESzQ2AG4",
    "created_at": "2025-10-19T19:34:12.000Z",
    "expires_at": "2025-11-18T19:34:12Z"
  }
},
{
  "model": "token_blacklist.outstandingtoken",
  "pk": 94,
  "fields": {
    "user": [
      "44464273"
    ],
    "jti": "6a9c1620c82c4914a6b37a417e33e543",
    "token": "eyJhbGciOiJIUzI1NiIsInR5cCI6IkpXVCJ9.eyJ0b2tlbl90eXBlIjoicmVmcmVzaCIsImV4cCI6MTc2MzQ5NDYyMywiaWF0IjoxNzYwOTAyNjIzLCJqdGkiOiI2YTljMTYyMGM4MmM0OTE0YTZiMzdhNDE3ZTMzZTU0MyIsInVzZXJfaWQiOiIxIn0.OF42uvbb835zh0pnm4zE43ywEmJor1zEX4NvWD6Ebkg",
    "created_at": "2025-10-19T19:37:03.794Z",
    "expires_at": "2025-11-18T19:37:03Z"
  }
},
{
  "model": "token_blacklist.outstandingtoken",
  "pk": 95,
  "fields": {
    "user": [
      "44464273"
    ],
    "jti": "55e33753111d413795759db427d778c2",
    "token": "eyJhbGciOiJIUzI1NiIsInR5cCI6IkpXVCJ9.eyJ0b2tlbl90eXBlIjoicmVmcmVzaCIsImV4cCI6MTc2MzQ5NDgwOSwiaWF0IjoxNzYwOTAyODA5LCJqdGkiOiI1NWUzMzc1MzExMWQ0MTM3OTU3NTlkYjQyN2Q3NzhjMiIsInVzZXJfaWQiOiIxIn0.NvQqSaU_EiP2_csGdm6ZSqzY94payqGkDIo3QKT5IaU",
    "created_at": "2025-10-19T19:40:09.132Z",
    "expires_at": "2025-11-18T19:40:09Z"
  }
},
{
  "model": "token_blacklist.outstandingtoken",
  "pk": 96,
  "fields": {
    "user": [
      "44464273"
    ],
    "jti": "b0206313f38b44cd8708bf17f7851db5",
    "token": "eyJhbGciOiJIUzI1NiIsInR5cCI6IkpXVCJ9.eyJ0b2tlbl90eXBlIjoicmVmcmVzaCIsImV4cCI6MTc2MzQ5NTg4OCwiaWF0IjoxNzYwOTAzODg4LCJqdGkiOiJiMDIwNjMxM2YzOGI0NGNkODcwOGJmMTdmNzg1MWRiNSIsInVzZXJfaWQiOiIxIn0.vyj3x8NepyvBiJBoMgeQdRpQWJMmpdRpF47X6DJlA7A",
    "created_at": "2025-10-19T19:58:08.946Z",
    "expires_at": "2025-11-18T19:58:08Z"
  }
},
{
  "model": "token_blacklist.outstandingtoken",
  "pk": 97,
  "fields": {
    "user": [
      "44464273"
    ],
    "jti": "bb5c449fd3eb4fcf9b204d468beb7717",
    "token": "eyJhbGciOiJIUzI1NiIsInR5cCI6IkpXVCJ9.eyJ0b2tlbl90eXBlIjoicmVmcmVzaCIsImV4cCI6MTc2MzQ5NjA4MSwiaWF0IjoxNzYwOTA0MDgxLCJqdGkiOiJiYjVjNDQ5ZmQzZWI0ZmNmOWIyMDRkNDY4YmViNzcxNyIsInVzZXJfaWQiOiIxIn0.Qd44NHtKVEmNGVH9jyu4ZqOWoYRMEgHABOpjR9fIKMo",
    "created_at": "2025-10-19T20:01:21.113Z",
    "expires_at": "2025-11-18T20:01:21Z"
  }
},
{
  "model": "token_blacklist.outstandingtoken",
  "pk": 98,
  "fields": {
    "user": [
      "44464273"
    ],
    "jti": "8eed5e4684724fa6bb61cdcecb090ac9",
    "token": "eyJhbGciOiJIUzI1NiIsInR5cCI6IkpXVCJ9.eyJ0b2tlbl90eXBlIjoicmVmcmVzaCIsImV4cCI6MTc2MzQ5NjEwOCwiaWF0IjoxNzYwOTA0MTA4LCJqdGkiOiI4ZWVkNWU0Njg0NzI0ZmE2YmI2MWNkY2VjYjA5MGFjOSIsInVzZXJfaWQiOiIxIn0.l6vRfujvx-y_LlYhFe98H2CWjaYGSneCBc91mfucJ90",
    "created_at": "2025-10-19T20:01:48.583Z",
    "expires_at": "2025-11-18T20:01:48Z"
  }
},
{
  "model": "token_blacklist.outstandingtoken",
  "pk": 99,
  "fields": {
    "user": [
      "44464273"
    ],
    "jti": "e463707314764afdaf20fdaca3816e94",
    "token": "eyJhbGciOiJIUzI1NiIsInR5cCI6IkpXVCJ9.eyJ0b2tlbl90eXBlIjoicmVmcmVzaCIsImV4cCI6MTc2MzQ5NjI5NCwiaWF0IjoxNzYwOTA0Mjk0LCJqdGkiOiJlNDYzNzA3MzE0NzY0YWZkYWYyMGZkYWNhMzgxNmU5NCIsInVzZXJfaWQiOiIxIn0.vu2CdJ8l4t96JHMpUz64NDxg4VnCSN3tL9Ypvh_a-G0",
    "created_at": "2025-10-19T20:04:54.272Z",
    "expires_at": "2025-11-18T20:04:54Z"
  }
},
{
  "model": "token_blacklist.outstandingtoken",
  "pk": 100,
  "fields": {
    "user": [
      "44464273"
    ],
    "jti": "a3b5496f94154ea3b40ee74ffa330ac6",
    "token": "eyJhbGciOiJIUzI1NiIsInR5cCI6IkpXVCJ9.eyJ0b2tlbl90eXBlIjoicmVmcmVzaCIsImV4cCI6MTc2MzQ5NjMzMiwiaWF0IjoxNzYwOTA0MzMyLCJqdGkiOiJhM2I1NDk2Zjk0MTU0ZWEzYjQwZWU3NGZmYTMzMGFjNiIsInVzZXJfaWQiOiIxIn0.BKUd2nuGJEPIbkSdZwwnG1mMHxhrAtu2WH6hegy_f6Q",
    "created_at": "2025-10-19T20:05:32.477Z",
    "expires_at": "2025-11-18T20:05:32Z"
  }
},
{
  "model": "token_blacklist.outstandingtoken",
  "pk": 101,
  "fields": {
    "user": [
      "44464273"
    ],
    "jti": "bc0966a735ba4266a8a167d60e7453c0",
    "token": "eyJhbGciOiJIUzI1NiIsInR5cCI6IkpXVCJ9.eyJ0b2tlbl90eXBlIjoicmVmcmVzaCIsImV4cCI6MTc2MzQ5Njc4NSwiaWF0IjoxNzYwOTA0Nzg1LCJqdGkiOiJiYzA5NjZhNzM1YmE0MjY2YThhMTY3ZDYwZTc0NTNjMCIsInVzZXJfaWQiOiIxIn0.UeWoKE-Y-08f77VcewOloHDg-K8va_PL-0RYh0Zaegs",
    "created_at": "2025-10-19T20:13:05.597Z",
    "expires_at": "2025-11-18T20:13:05Z"
  }
},
{
  "model": "token_blacklist.outstandingtoken",
  "pk": 102,
  "fields": {
    "user": [
      "44464273"
    ],
    "jti": "6de1fb1147e1424daa19dc6cee6e4022",
    "token": "eyJhbGciOiJIUzI1NiIsInR5cCI6IkpXVCJ9.eyJ0b2tlbl90eXBlIjoicmVmcmVzaCIsImV4cCI6MTc2MzQ5Njg2NSwiaWF0IjoxNzYwOTA0ODY1LCJqdGkiOiI2ZGUxZmIxMTQ3ZTE0MjRkYWExOWRjNmNlZTZlNDAyMiIsInVzZXJfaWQiOiIxIn0.4Rj0slcDDo4syeza7bAupPRY0JK9FxoIIdqDnL1cK5c",
    "created_at": "2025-10-19T20:14:25.583Z",
    "expires_at": "2025-11-18T20:14:25Z"
  }
},
{
  "model": "token_blacklist.outstandingtoken",
  "pk": 103,
  "fields": {
    "user": [
      "44464273"
    ],
    "jti": "9a6c84de290d46ee8ddc0e6e962a8ab8",
    "token": "eyJhbGciOiJIUzI1NiIsInR5cCI6IkpXVCJ9.eyJ0b2tlbl90eXBlIjoicmVmcmVzaCIsImV4cCI6MTc2MzQ5NzY4OCwiaWF0IjoxNzYwOTA1Njg4LCJqdGkiOiI5YTZjODRkZTI5MGQ0NmVlOGRkYzBlNmU5NjJhOGFiOCIsInVzZXJfaWQiOiIxIn0.EMyL3vRdXVAd9F_LYiHaT8Fx51EBsbTK9XRP0sZgs1I",
    "created_at": "2025-10-19T20:28:08.477Z",
    "expires_at": "2025-11-18T20:28:08Z"
  }
},
{
  "model": "token_blacklist.outstandingtoken",
  "pk": 104,
  "fields": {
    "user": [
      "44464273"
    ],
    "jti": "f98b671a1b8c41f7be067e61c0b65bfa",
    "token": "eyJhbGciOiJIUzI1NiIsInR5cCI6IkpXVCJ9.eyJ0b2tlbl90eXBlIjoicmVmcmVzaCIsImV4cCI6MTc2MzQ5Nzc2MiwiaWF0IjoxNzYwOTA1NzYyLCJqdGkiOiJmOThiNjcxYTFiOGM0MWY3YmUwNjdlNjFjMGI2NWJmYSIsInVzZXJfaWQiOiIxIn0.hD3grmxorsoBNEDQmAzpMwZZeRDFUoSJbhdl0-T1yQU",
    "created_at": "2025-10-19T20:29:22.634Z",
    "expires_at": "2025-11-18T20:29:22Z"
  }
},
{
  "model": "token_blacklist.outstandingtoken",
  "pk": 105,
  "fields": {
    "user": [
      "44464273"
    ],
    "jti": "ae5db13dca844435808518a0431c997d",
    "token": "eyJhbGciOiJIUzI1NiIsInR5cCI6IkpXVCJ9.eyJ0b2tlbl90eXBlIjoicmVmcmVzaCIsImV4cCI6MTc2MzQ5ODM0MSwiaWF0IjoxNzYwOTA2MzQxLCJqdGkiOiJhZTVkYjEzZGNhODQ0NDM1ODA4NTE4YTA0MzFjOTk3ZCIsInVzZXJfaWQiOiIxIn0.RGx5tlUACO2tDbUjNEdbU0kOppGjIu2oxhtHuzjJ-hQ",
    "created_at": "2025-10-19T20:39:01.187Z",
    "expires_at": "2025-11-18T20:39:01Z"
  }
},
{
  "model": "token_blacklist.outstandingtoken",
  "pk": 106,
  "fields": {
    "user": [
      "44464273"
    ],
    "jti": "7bf288b6f1164c49b706b7df9b6fab01",
    "token": "eyJhbGciOiJIUzI1NiIsInR5cCI6IkpXVCJ9.eyJ0b2tlbl90eXBlIjoicmVmcmVzaCIsImV4cCI6MTc2MzQ5ODM0OCwiaWF0IjoxNzYwOTA2MzQ4LCJqdGkiOiI3YmYyODhiNmYxMTY0YzQ5YjcwNmI3ZGY5YjZmYWIwMSIsInVzZXJfaWQiOiIxIn0.Dt2oYZ8LpUV8Y35ivPY3edZ7sion-Yl3nAipglwnF1o",
    "created_at": "2025-10-19T20:39:08.682Z",
    "expires_at": "2025-11-18T20:39:08Z"
  }
},
{
  "model": "token_blacklist.outstandingtoken",
  "pk": 107,
  "fields": {
    "user": [
      "44464273"
    ],
    "jti": "1ec0a456d41e47b19c98a72ae100291f",
    "token": "eyJhbGciOiJIUzI1NiIsInR5cCI6IkpXVCJ9.eyJ0b2tlbl90eXBlIjoicmVmcmVzaCIsImV4cCI6MTc2MzQ5ODM1MywiaWF0IjoxNzYwOTA2MzUzLCJqdGkiOiIxZWMwYTQ1NmQ0MWU0N2IxOWM5OGE3MmFlMTAwMjkxZiIsInVzZXJfaWQiOiIxIn0.scfWCx9knbA2PFi-uVF-MCI_LnoeP_854IMlrxM_A6M",
    "created_at": "2025-10-19T20:39:13.429Z",
    "expires_at": "2025-11-18T20:39:13Z"
  }
},
{
  "model": "token_blacklist.outstandingtoken",
  "pk": 108,
  "fields": {
    "user": [
      "44464273"
    ],
    "jti": "413bfc469a8546d7bca2ef8808e47473",
    "token": "eyJhbGciOiJIUzI1NiIsInR5cCI6IkpXVCJ9.eyJ0b2tlbl90eXBlIjoicmVmcmVzaCIsImV4cCI6MTc2MzQ5ODUzOCwiaWF0IjoxNzYwOTA2NTM4LCJqdGkiOiI0MTNiZmM0NjlhODU0NmQ3YmNhMmVmODgwOGU0NzQ3MyIsInVzZXJfaWQiOiIxIn0.HEXf4IuFv1iQCk3Uq8n8NhkTmYQ-IWy0_Q7rjtuVhY8",
    "created_at": "2025-10-19T20:42:18.921Z",
    "expires_at": "2025-11-18T20:42:18Z"
  }
},
{
  "model": "token_blacklist.outstandingtoken",
  "pk": 109,
  "fields": {
    "user": [
      "44464273"
    ],
    "jti": "354a4bf5bb194f95b5e1e47f3746a1e0",
    "token": "eyJhbGciOiJIUzI1NiIsInR5cCI6IkpXVCJ9.eyJ0b2tlbl90eXBlIjoicmVmcmVzaCIsImV4cCI6MTc2MzQ5ODU2MSwiaWF0IjoxNzYwOTA2NTYxLCJqdGkiOiIzNTRhNGJmNWJiMTk0Zjk1YjVlMWU0N2YzNzQ2YTFlMCIsInVzZXJfaWQiOiIxIn0.hdSMNjupD58VOEB9evbzXZW3gxNLIjbFPwgLadD_ERo",
    "created_at": "2025-10-19T20:42:41.970Z",
    "expires_at": "2025-11-18T20:42:41Z"
  }
},
{
  "model": "token_blacklist.outstandingtoken",
  "pk": 110,
  "fields": {
    "user": [
      "44464273"
    ],
    "jti": "ea292212579949b4b55d7956eed90e2d",
    "token": "eyJhbGciOiJIUzI1NiIsInR5cCI6IkpXVCJ9.eyJ0b2tlbl90eXBlIjoicmVmcmVzaCIsImV4cCI6MTc2MzQ5ODU2OCwiaWF0IjoxNzYwOTA2NTY4LCJqdGkiOiJlYTI5MjIxMjU3OTk0OWI0YjU1ZDc5NTZlZWQ5MGUyZCIsInVzZXJfaWQiOiIxIn0.D8ETqB2hpSIXGKXpIYC2E-O1lmKB-6s2xq6Kqjf2nUE",
    "created_at": "2025-10-19T20:42:48.911Z",
    "expires_at": "2025-11-18T20:42:48Z"
  }
},
{
  "model": "token_blacklist.outstandingtoken",
  "pk": 111,
  "fields": {
    "user": [
      "44464273"
    ],
    "jti": "f8794c8b22d34be7bf72313231b638b8",
    "token": "eyJhbGciOiJIUzI1NiIsInR5cCI6IkpXVCJ9.eyJ0b2tlbl90eXBlIjoicmVmcmVzaCIsImV4cCI6MTc2MzQ5ODg0OCwiaWF0IjoxNzYwOTA2ODQ4LCJqdGkiOiJmODc5NGM4YjIyZDM0YmU3YmY3MjMxMzIzMWI2MzhiOCIsInVzZXJfaWQiOiIxIn0.jQLI6S5OP13L0EFLPmAQwA1ADpTHCy6rlxLNdYNLJJ4",
    "created_at": "2025-10-19T20:47:28.358Z",
    "expires_at": "2025-11-18T20:47:28Z"
  }
},
{
  "model": "token_blacklist.outstandingtoken",
  "pk": 112,
  "fields": {
    "user": [
      "44464273"
    ],
    "jti": "cacc8038d8a7440f87c352127a96fcac",
    "token": "eyJhbGciOiJIUzI1NiIsInR5cCI6IkpXVCJ9.eyJ0b2tlbl90eXBlIjoicmVmcmVzaCIsImV4cCI6MTc2MzQ5ODg1NiwiaWF0IjoxNzYwOTA2ODU2LCJqdGkiOiJjYWNjODAzOGQ4YTc0NDBmODdjMzUyMTI3YTk2ZmNhYyIsInVzZXJfaWQiOiIxIn0.ULKwfHOSyzgpUdskivou3RDMSe9UGjw7OvrlpOzvij0",
    "created_at": "2025-10-19T20:47:36.066Z",
    "expires_at": "2025-11-18T20:47:36Z"
  }
},
{
  "model": "token_blacklist.outstandingtoken",
  "pk": 113,
  "fields": {
    "user": [
      "44464273"
    ],
    "jti": "692384504a0c40579a01d0ee231067d1",
    "token": "eyJhbGciOiJIUzI1NiIsInR5cCI6IkpXVCJ9.eyJ0b2tlbl90eXBlIjoicmVmcmVzaCIsImV4cCI6MTc2MzQ5ODkxMiwiaWF0IjoxNzYwOTA2OTEyLCJqdGkiOiI2OTIzODQ1MDRhMGM0MDU3OWEwMWQwZWUyMzEwNjdkMSIsInVzZXJfaWQiOiIxIn0.Ad_8W8ei0B_HtKoCEdPMUoOAQptK94RqcCjH7Yp-Tug",
    "created_at": "2025-10-19T20:48:32.355Z",
    "expires_at": "2025-11-18T20:48:32Z"
  }
},
{
  "model": "token_blacklist.outstandingtoken",
  "pk": 114,
  "fields": {
    "user": [
      "44464273"
    ],
    "jti": "fadc2f3cbc484f9c8fdababd1b72aa3e",
    "token": "eyJhbGciOiJIUzI1NiIsInR5cCI6IkpXVCJ9.eyJ0b2tlbl90eXBlIjoicmVmcmVzaCIsImV4cCI6MTc2MzQ5ODkyMCwiaWF0IjoxNzYwOTA2OTIwLCJqdGkiOiJmYWRjMmYzY2JjNDg0ZjljOGZkYWJhYmQxYjcyYWEzZSIsInVzZXJfaWQiOiIxIn0.YAc4ECGiwVb1VJe59PQdVWniPzDzl34k4vNk1_jI8Ww",
    "created_at": "2025-10-19T20:48:40.952Z",
    "expires_at": "2025-11-18T20:48:40Z"
  }
},
{
  "model": "token_blacklist.outstandingtoken",
  "pk": 115,
  "fields": {
    "user": [
      "44464273"
    ],
    "jti": "9a0543a4f6a4489fbd49395260184e76",
    "token": "eyJhbGciOiJIUzI1NiIsInR5cCI6IkpXVCJ9.eyJ0b2tlbl90eXBlIjoicmVmcmVzaCIsImV4cCI6MTc2MzQ5OTE2MSwiaWF0IjoxNzYwOTA3MTYxLCJqdGkiOiI5YTA1NDNhNGY2YTQ0ODlmYmQ0OTM5NTI2MDE4NGU3NiIsInVzZXJfaWQiOiIxIn0.i3IsI4RuE7mKkgLmmZsW2nTVzJHXIIe7ghcvJ1XgFOY",
    "created_at": "2025-10-19T20:52:41.171Z",
    "expires_at": "2025-11-18T20:52:41Z"
  }
},
{
  "model": "token_blacklist.outstandingtoken",
  "pk": 116,
  "fields": {
    "user": [
      "44464273"
    ],
    "jti": "a902b486353e4b93aca956cfac3fe901",
    "token": "eyJhbGciOiJIUzI1NiIsInR5cCI6IkpXVCJ9.eyJ0b2tlbl90eXBlIjoicmVmcmVzaCIsImV4cCI6MTc2MzQ5OTU0MywiaWF0IjoxNzYwOTA3NTQzLCJqdGkiOiJhOTAyYjQ4NjM1M2U0YjkzYWNhOTU2Y2ZhYzNmZTkwMSIsInVzZXJfaWQiOiIxIn0.bxufPZuJ06_6j9CbHreVX_MryR7nwy21eSZ9F8JWx70",
    "created_at": "2025-10-19T20:59:03.083Z",
    "expires_at": "2025-11-18T20:59:03Z"
  }
},
{
  "model": "token_blacklist.outstandingtoken",
  "pk": 117,
  "fields": {
    "user": [
      "44464273"
    ],
    "jti": "60e1107e18fa46ca8b5d6320a56c1e3e",
    "token": "eyJhbGciOiJIUzI1NiIsInR5cCI6IkpXVCJ9.eyJ0b2tlbl90eXBlIjoicmVmcmVzaCIsImV4cCI6MTc2MzUwMTYzNSwiaWF0IjoxNzYwOTA5NjM1LCJqdGkiOiI2MGUxMTA3ZTE4ZmE0NmNhOGI1ZDYzMjBhNTZjMWUzZSIsInVzZXJfaWQiOiIxIn0.lvvnnvEY5JQJ3spMWfJFiIbGsfQER6ODtHSHigsY-pM",
    "created_at": "2025-10-19T21:33:55.267Z",
    "expires_at": "2025-11-18T21:33:55Z"
  }
},
{
  "model": "token_blacklist.outstandingtoken",
  "pk": 118,
  "fields": {
    "user": [
      "44464273"
    ],
    "jti": "3d1caaaf316a4ea59aa2a327867c8d92",
    "token": "eyJhbGciOiJIUzI1NiIsInR5cCI6IkpXVCJ9.eyJ0b2tlbl90eXBlIjoicmVmcmVzaCIsImV4cCI6MTc2MzUwMjA4NywiaWF0IjoxNzYwOTEwMDg3LCJqdGkiOiIzZDFjYWFhZjMxNmE0ZWE1OWFhMmEzMjc4NjdjOGQ5MiIsInVzZXJfaWQiOiIxIn0.Nil2yplVHRtBY5HESHA2KE87rCSznY9nh_q5tHW-BlI",
    "created_at": "2025-10-19T21:41:27.373Z",
    "expires_at": "2025-11-18T21:41:27Z"
  }
},
{
  "model": "token_blacklist.outstandingtoken",
  "pk": 119,
  "fields": {
    "user": [
      "44464273"
    ],
    "jti": "279b0fa79cf249098d3f8ff88679571e",
    "token": "eyJhbGciOiJIUzI1NiIsInR5cCI6IkpXVCJ9.eyJ0b2tlbl90eXBlIjoicmVmcmVzaCIsImV4cCI6MTc2MzUwMzE1NywiaWF0IjoxNzYwOTExMTU3LCJqdGkiOiIyNzliMGZhNzljZjI0OTA5OGQzZjhmZjg4Njc5NTcxZSIsInVzZXJfaWQiOiIxIn0.tORtAsrFKincrffjqqinI2yT7FCvu0Pxx69YboINdNw",
    "created_at": "2025-10-19T21:59:17.038Z",
    "expires_at": "2025-11-18T21:59:17Z"
  }
},
{
  "model": "token_blacklist.outstandingtoken",
  "pk": 120,
  "fields": {
    "user": [
      "44464273"
    ],
    "jti": "827ebd0ab58d44a2b4970d55511c980e",
    "token": "eyJhbGciOiJIUzI1NiIsInR5cCI6IkpXVCJ9.eyJ0b2tlbl90eXBlIjoicmVmcmVzaCIsImV4cCI6MTc2MzUwNDEwMiwiaWF0IjoxNzYwOTEyMTAyLCJqdGkiOiI4MjdlYmQwYWI1OGQ0NGEyYjQ5NzBkNTU1MTFjOTgwZSIsInVzZXJfaWQiOiIxIn0.a57KgzrGtt8GoDpDy6J-iLzvIjVxS4Msjhwhp1QTgd4",
    "created_at": "2025-10-19T22:15:02.032Z",
    "expires_at": "2025-11-18T22:15:02Z"
  }
},
{
  "model": "token_blacklist.outstandingtoken",
  "pk": 121,
  "fields": {
    "user": [
      "44464273"
    ],
    "jti": "61b1eb4baab7435f9fee1bd554809f61",
    "token": "eyJhbGciOiJIUzI1NiIsInR5cCI6IkpXVCJ9.eyJ0b2tlbl90eXBlIjoicmVmcmVzaCIsImV4cCI6MTc2MzUwNDE0NiwiaWF0IjoxNzYwOTEyMTQ2LCJqdGkiOiI2MWIxZWI0YmFhYjc0MzVmOWZlZTFiZDU1NDgwOWY2MSIsInVzZXJfaWQiOiIxIn0.3sYQyq7SE-OM4oIqdw6_xna0CwvFeghh3X0lnM5Yywc",
    "created_at": "2025-10-19T22:15:46.071Z",
    "expires_at": "2025-11-18T22:15:46Z"
  }
},
{
  "model": "token_blacklist.outstandingtoken",
  "pk": 122,
  "fields": {
    "user": [
      "44464273"
    ],
    "jti": "2c65a0a1ff384211a40151636c576aa9",
    "token": "eyJhbGciOiJIUzI1NiIsInR5cCI6IkpXVCJ9.eyJ0b2tlbl90eXBlIjoicmVmcmVzaCIsImV4cCI6MTc2MzUwNDI3OCwiaWF0IjoxNzYwOTEyMjc4LCJqdGkiOiIyYzY1YTBhMWZmMzg0MjExYTQwMTUxNjM2YzU3NmFhOSIsInVzZXJfaWQiOiIxIn0.JUVtMb4sfyc6Mz4NJRJTDeWIZE-CQImubOvZPebdXa0",
    "created_at": "2025-10-19T22:17:58.299Z",
    "expires_at": "2025-11-18T22:17:58Z"
  }
},
{
  "model": "token_blacklist.outstandingtoken",
  "pk": 123,
  "fields": {
    "user": [
      "44464273"
    ],
    "jti": "8ee864fa1546431eb0f868ed54b6dd9c",
    "token": "eyJhbGciOiJIUzI1NiIsInR5cCI6IkpXVCJ9.eyJ0b2tlbl90eXBlIjoicmVmcmVzaCIsImV4cCI6MTc2MzUwNDMwMSwiaWF0IjoxNzYwOTEyMzAxLCJqdGkiOiI4ZWU4NjRmYTE1NDY0MzFlYjBmODY4ZWQ1NGI2ZGQ5YyIsInVzZXJfaWQiOiIxIn0.NEBP8tPaX14rdLYrUeMDJhUB8Vcs2Yabcz4bjyzLQyc",
    "created_at": "2025-10-19T22:18:21.991Z",
    "expires_at": "2025-11-18T22:18:21Z"
  }
},
{
  "model": "token_blacklist.outstandingtoken",
  "pk": 124,
  "fields": {
    "user": [
      "44464273"
    ],
    "jti": "d2b8d52b8d5e4af889898824ea0fb6e6",
    "token": "eyJhbGciOiJIUzI1NiIsInR5cCI6IkpXVCJ9.eyJ0b2tlbl90eXBlIjoicmVmcmVzaCIsImV4cCI6MTc2MzUwNDM3NCwiaWF0IjoxNzYwOTEyMzc0LCJqdGkiOiJkMmI4ZDUyYjhkNWU0YWY4ODk4OTg4MjRlYTBmYjZlNiIsInVzZXJfaWQiOiIxIn0.5IHh0dDcaonrxnwJ8PUS0p3QWs_YgRWw8OSZhxSHEDo",
    "created_at": "2025-10-19T22:19:34.536Z",
    "expires_at": "2025-11-18T22:19:34Z"
  }
},
{
  "model": "token_blacklist.outstandingtoken",
  "pk": 125,
  "fields": {
    "user": [
      "44464273"
    ],
    "jti": "8ac1f18abeb14088a193483a74f59ad3",
    "token": "eyJhbGciOiJIUzI1NiIsInR5cCI6IkpXVCJ9.eyJ0b2tlbl90eXBlIjoicmVmcmVzaCIsImV4cCI6MTc2MzUwNDM5NSwiaWF0IjoxNzYwOTEyMzk1LCJqdGkiOiI4YWMxZjE4YWJlYjE0MDg4YTE5MzQ4M2E3NGY1OWFkMyIsInVzZXJfaWQiOiIxIn0.YsNZNbG7IMzeQ9baZhQ8bT8-Qk1erpMcLYSs4Muykrk",
    "created_at": "2025-10-19T22:19:55.202Z",
    "expires_at": "2025-11-18T22:19:55Z"
  }
},
{
  "model": "token_blacklist.outstandingtoken",
  "pk": 126,
  "fields": {
    "user": [
      "44464273"
    ],
    "jti": "b7f481acd2214694ad0225a2fa0943d7",
    "token": "eyJhbGciOiJIUzI1NiIsInR5cCI6IkpXVCJ9.eyJ0b2tlbl90eXBlIjoicmVmcmVzaCIsImV4cCI6MTc2MzUwNDczMywiaWF0IjoxNzYwOTEyNzMzLCJqdGkiOiJiN2Y0ODFhY2QyMjE0Njk0YWQwMjI1YTJmYTA5NDNkNyIsInVzZXJfaWQiOiIxIn0.kz2QDaZtoGimSmnEG8J8KCsirFwRQF81HIt_h15f0k0",
    "created_at": "2025-10-19T22:25:33.387Z",
    "expires_at": "2025-11-18T22:25:33Z"
  }
},
{
  "model": "token_blacklist.outstandingtoken",
  "pk": 127,
  "fields": {
    "user": [
      "44464273"
    ],
    "jti": "48850cfde5f242f58afa4198059a7d4c",
    "token": "eyJhbGciOiJIUzI1NiIsInR5cCI6IkpXVCJ9.eyJ0b2tlbl90eXBlIjoicmVmcmVzaCIsImV4cCI6MTc2MzUwNDc0MCwiaWF0IjoxNzYwOTEyNzQwLCJqdGkiOiI0ODg1MGNmZGU1ZjI0MmY1OGFmYTQxOTgwNTlhN2Q0YyIsInVzZXJfaWQiOiIxIn0.3aGHcM9iHkcD4xHgatziXmXqoA4cp9-QzVyelgE0F_Y",
    "created_at": "2025-10-19T22:25:40.531Z",
    "expires_at": "2025-11-18T22:25:40Z"
  }
},
{
  "model": "token_blacklist.outstandingtoken",
  "pk": 128,
  "fields": {
    "user": [
      "41270484"
    ],
    "jti": "b39a341e4cd34b09a989a97962a884c1",
    "token": "eyJhbGciOiJIUzI1NiIsInR5cCI6IkpXVCJ9.eyJ0b2tlbl90eXBlIjoicmVmcmVzaCIsImV4cCI6MTc2MzUwNTM1MiwiaWF0IjoxNzYwOTEzMzUyLCJqdGkiOiJiMzlhMzQxZTRjZDM0YjA5YTk4OWE5Nzk2MmE4ODRjMSIsInVzZXJfaWQiOiIzIn0.bJsLnAbkU8YU4FXKs4LTsWjwKJVqn_C0y6D-A05nZNI",
    "created_at": "2025-10-19T22:35:52.078Z",
    "expires_at": "2025-11-18T22:35:52Z"
  }
},
{
  "model": "token_blacklist.outstandingtoken",
  "pk": 129,
  "fields": {
    "user": [
      "44464273"
    ],
    "jti": "782d6186fc7e469a9229c37ed27d6787",
    "token": "eyJhbGciOiJIUzI1NiIsInR5cCI6IkpXVCJ9.eyJ0b2tlbl90eXBlIjoicmVmcmVzaCIsImV4cCI6MTc2MzUwODkxMSwiaWF0IjoxNzYwOTE2OTExLCJqdGkiOiI3ODJkNjE4NmZjN2U0NjlhOTIyOWMzN2VkMjdkNjc4NyIsInVzZXJfaWQiOiIxIn0.oZ7Uw76Dlq0_AJj0d08FPotGrsks8b-cdUh2gOxIlOw",
    "created_at": "2025-10-19T23:35:11.663Z",
    "expires_at": "2025-11-18T23:35:11Z"
  }
},
{
  "model": "token_blacklist.outstandingtoken",
  "pk": 130,
  "fields": {
    "user": [
      "44464273"
    ],
    "jti": "f2516d6b2226409a8c4f35d2047eecb4",
    "token": "eyJhbGciOiJIUzI1NiIsInR5cCI6IkpXVCJ9.eyJ0b2tlbl90eXBlIjoicmVmcmVzaCIsImV4cCI6MTc2MzUwODkyNCwiaWF0IjoxNzYwOTE2OTI0LCJqdGkiOiJmMjUxNmQ2YjIyMjY0MDlhOGM0ZjM1ZDIwNDdlZWNiNCIsInVzZXJfaWQiOiIxIn0.N7WGPPZS0I_FStMZoK82gt8vic7wB2fs8JVeyOMs0dM",
    "created_at": "2025-10-19T23:35:24.396Z",
    "expires_at": "2025-11-18T23:35:24Z"
  }
},
{
  "model": "token_blacklist.outstandingtoken",
  "pk": 131,
  "fields": {
    "user": [
      "44464273"
    ],
    "jti": "261ff863508f431d9656f791258f132b",
    "token": "eyJhbGciOiJIUzI1NiIsInR5cCI6IkpXVCJ9.eyJ0b2tlbl90eXBlIjoicmVmcmVzaCIsImV4cCI6MTc2MzUxOTk4NywiaWF0IjoxNzYwOTI3OTg3LCJqdGkiOiIyNjFmZjg2MzUwOGY0MzFkOTY1NmY3OTEyNThmMTMyYiIsInVzZXJfaWQiOiIxIn0.LzYsn3O5HHXCqdAywkTDvaGw3rGZlt1Sh_6R0kCJp_Y",
    "created_at": "2025-10-20T02:39:47.744Z",
    "expires_at": "2025-11-19T02:39:47Z"
  }
},
{
  "model": "token_blacklist.blacklistedtoken",
  "pk": 1,
  "fields": {
    "token": 38,
    "blacklisted_at": "2025-09-15T16:49:59.138Z"
  }
},
{
  "model": "token_blacklist.blacklistedtoken",
  "pk": 2,
  "fields": {
    "token": 37,
    "blacklisted_at": "2025-10-01T21:51:52.631Z"
  }
},
{
  "model": "token_blacklist.blacklistedtoken",
  "pk": 3,
  "fields": {
    "token": 93,
    "blacklisted_at": "2025-10-19T19:34:32.788Z"
  }
},
{
  "model": "token_blacklist.blacklistedtoken",
  "pk": 4,
  "fields": {
    "token": 91,
    "blacklisted_at": "2025-10-19T19:57:55.481Z"
  }
},
{
  "model": "token_blacklist.blacklistedtoken",
  "pk": 5,
  "fields": {
    "token": 96,
    "blacklisted_at": "2025-10-19T20:00:57.279Z"
  }
},
{
  "model": "token_blacklist.blacklistedtoken",
  "pk": 6,
  "fields": {
    "token": 98,
    "blacklisted_at": "2025-10-19T20:04:45.998Z"
  }
},
{
  "model": "token_blacklist.blacklistedtoken",
  "pk": 7,
  "fields": {
    "token": 97,
    "blacklisted_at": "2025-10-19T20:05:18.695Z"
  }
},
{
  "model": "token_blacklist.blacklistedtoken",
  "pk": 8,
  "fields": {
    "token": 100,
    "blacklisted_at": "2025-10-19T20:08:25.384Z"
  }
},
{
  "model": "token_blacklist.blacklistedtoken",
  "pk": 9,
  "fields": {
    "token": 101,
    "blacklisted_at": "2025-10-19T20:14:08.309Z"
  }
},
{
  "model": "token_blacklist.blacklistedtoken",
  "pk": 10,
  "fields": {
    "token": 102,
    "blacklisted_at": "2025-10-19T20:27:58.286Z"
  }
},
{
  "model": "token_blacklist.blacklistedtoken",
  "pk": 11,
  "fields": {
    "token": 103,
    "blacklisted_at": "2025-10-19T20:29:17.722Z"
  }
},
{
  "model": "token_blacklist.blacklistedtoken",
  "pk": 12,
  "fields": {
    "token": 104,
    "blacklisted_at": "2025-10-19T20:38:38.998Z"
  }
},
{
  "model": "token_blacklist.blacklistedtoken",
  "pk": 13,
  "fields": {
    "token": 105,
    "blacklisted_at": "2025-10-19T20:39:08.684Z"
  }
},
{
  "model": "token_blacklist.blacklistedtoken",
  "pk": 14,
  "fields": {
    "token": 107,
    "blacklisted_at": "2025-10-19T20:40:39.162Z"
  }
},
{
  "model": "token_blacklist.blacklistedtoken",
  "pk": 15,
  "fields": {
    "token": 108,
    "blacklisted_at": "2025-10-19T20:42:41.972Z"
  }
},
{
  "model": "token_blacklist.blacklistedtoken",
  "pk": 16,
  "fields": {
    "token": 110,
    "blacklisted_at": "2025-10-19T20:47:28.360Z"
  }
},
{
  "model": "token_blacklist.blacklistedtoken",
  "pk": 17,
  "fields": {
    "token": 112,
    "blacklisted_at": "2025-10-19T20:48:32.358Z"
  }
},
{
  "model": "token_blacklist.blacklistedtoken",
  "pk": 18,
  "fields": {
    "token": 114,
    "blacklisted_at": "2025-10-19T20:51:19.058Z"
  }
},
{
  "model": "token_blacklist.blacklistedtoken",
  "pk": 19,
  "fields": {
    "token": 115,
    "blacklisted_at": "2025-10-19T20:53:36.084Z"
  }
},
{
  "model": "token_blacklist.blacklistedtoken",
  "pk": 20,
  "fields": {
    "token": 116,
    "blacklisted_at": "2025-10-19T21:00:42.580Z"
  }
},
{
  "model": "token_blacklist.blacklistedtoken",
  "pk": 21,
  "fields": {
    "token": 117,
    "blacklisted_at": "2025-10-19T21:41:19.031Z"
  }
},
{
  "model": "token_blacklist.blacklistedtoken",
  "pk": 22,
  "fields": {
    "token": 118,
    "blacklisted_at": "2025-10-19T21:41:30.222Z"
  }
},
{
  "model": "token_blacklist.blacklistedtoken",
  "pk": 23,
  "fields": {
    "token": 119,
    "blacklisted_at": "2025-10-19T21:59:25.497Z"
  }
},
{
  "model": "token_blacklist.blacklistedtoken",
  "pk": 24,
  "fields": {
    "token": 120,
    "blacklisted_at": "2025-10-19T22:15:27.882Z"
  }
},
{
  "model": "token_blacklist.blacklistedtoken",
  "pk": 25,
  "fields": {
    "token": 121,
    "blacklisted_at": "2025-10-19T22:17:52.643Z"
  }
},
{
  "model": "token_blacklist.blacklistedtoken",
  "pk": 26,
  "fields": {
    "token": 122,
    "blacklisted_at": "2025-10-19T22:18:14.409Z"
  }
},
{
  "model": "token_blacklist.blacklistedtoken",
  "pk": 27,
  "fields": {
    "token": 123,
    "blacklisted_at": "2025-10-19T22:19:27.098Z"
  }
},
{
  "model": "token_blacklist.blacklistedtoken",
  "pk": 28,
  "fields": {
    "token": 124,
    "blacklisted_at": "2025-10-19T22:19:36.529Z"
  }
},
{
  "model": "token_blacklist.blacklistedtoken",
  "pk": 29,
  "fields": {
    "token": 125,
    "blacklisted_at": "2025-10-19T22:25:13.946Z"
  }
},
{
  "model": "token_blacklist.blacklistedtoken",
  "pk": 30,
  "fields": {
    "token": 126,
    "blacklisted_at": "2025-10-19T22:25:35.161Z"
  }
},
{
  "model": "token_blacklist.blacklistedtoken",
  "pk": 31,
  "fields": {
    "token": 127,
    "blacklisted_at": "2025-10-19T22:35:45.098Z"
  }
},
{
  "model": "token_blacklist.blacklistedtoken",
  "pk": 32,
  "fields": {
    "token": 129,
    "blacklisted_at": "2025-10-19T23:35:13.200Z"
  }
},
{
  "model": "token_blacklist.blacklistedtoken",
  "pk": 33,
  "fields": {
    "token": 130,
    "blacklisted_at": "2025-10-19T23:35:29.919Z"
  }
},
{
  "model": "token_blacklist.blacklistedtoken",
  "pk": 34,
  "fields": {
    "token": 131,
    "blacklisted_at": "2025-10-20T02:39:58.364Z"
  }
}
]
